left_knee,right_knee,left_hip,right_hip,left_shoulder,right_shoulder,left_elbow,right_elbow,symmetry,age,experience,previous_injuries,movement,risk
128.09050891355218,123.64298844136451,137.79972601681013,138.75643257087827,123.48501673009197,124.60118189889252,146.64580622368362,150.6878673629097,60.823379771832094,17,11,1,Excellent,LOW
115.92543330087071,114.07176252962086,145.21211214797688,143.8149228872661,151.48538589793426,144.58571456788212,138.94823157779035,136.69908146082645,65.57975442608168,31,14,1,Good,MEDIUM
106.79548258996157,100.89016381734316,179.1615442903394,183.62248716448102,148.0057735948788,149.67381803353152,126.03994015756344,129.36978758604806,60.53059844639466,29,17,1,Good,MEDIUM
122.8460326880028,124.01016869305153,152.00762468698008,150.10094546615616,127.32229409068673,125.18769887531678,162.74563216630258,162.72352071702207,70.35119926400068,23,3,1,Excellent,LOW
131.88669058684334,133.17868977595654,131.56566462277792,127.38541380015981,170.5370864756999,161.82374948840507,164.13270926350353,159.95712363056418,89.09087983425684,30,7,1,Excellent,LOW
114.69871468143589,114.23612155188293,149.4338644844741,148.53055339770623,136.28094190643375,134.4383868225946,112.47476077499046,116.70324967986612,81.70784332632994,24,14,0,Excellent,LOW
105.59129827598281,107.91978945483497,166.45035840204937,169.11360378082944,166.27622080115674,165.44755724073843,99.26952476201038,96.77561518207054,94.52413703502374,23,11,1,Excellent,LOW
107.15575873678085,113.03152387851043,163.29611783087483,159.92442282725472,155.47786726246363,157.3094075704637,120.63414998030319,113.89700046683967,98.86848381556415,18,0,0,Good,MEDIUM
142.09578981771222,141.95248566127242,156.13664146909971,160.83057243654173,145.65246110151298,146.00064937446567,115.14847848610614,113.95244908424267,80.34282764658812,20,6,0,Excellent,LOW
140.4880818476255,146.979763844991,174.02339195076289,176.49459118168832,157.46124288802758,155.01995481863824,126.52276563863282,125.25810205139373,68.73761748867335,35,10,3,Good,MEDIUM
160.55801163730467,159.32085745152636,135.50259622638384,137.52197273470577,133.6761097525165,138.77104423307475,158.85844666050747,157.69063597720498,60.27808522124763,23,8,1,Excellent,LOW
116.65808578530476,115.28722771919769,177.14548519562595,174.7386533879611,139.39217592124533,146.93691952608745,119.09036819034353,119.78867944167088,98.87128330883843,35,11,1,Excellent,LOW
152.22282046298412,149.18951198091116,179.88702425244708,181.2592711986045,136.0068608565171,135.74934865331323,92.64405863204387,94.02366797222278,73.80284992106732,16,18,1,Excellent,LOW
110.86711540684173,112.2263992635883,142.102763575575,142.08062312574128,160.32813284435272,157.22678842052494,148.25730788894876,151.34987131250574,74.71132530877013,35,1,1,Good,MEDIUM
129.91183318334149,131.9615281128279,137.53587719827146,139.16634327199878,150.4919266044431,153.6506178234458,116.07671241615078,117.80267026920295,68.80964190262193,18,18,3,Good,MEDIUM
148.38795928070874,150.533303410237,149.33676731502686,146.59269452124303,176.20379932420406,174.6507417282976,99.07788169924713,95.53583220393173,96.98774473114251,25,2,2,Excellent,LOW
149.49880345256344,150.40864319097994,156.48252891780032,160.4039571806476,134.5111374540271,135.5506686310208,117.12238328389606,120.2496747710053,73.96838298450643,31,15,2,Good,MEDIUM
164.2243218908569,167.9069887537092,172.54642243837563,171.86625507172755,176.13809965325686,178.7502928974559,136.45492971491637,140.86567957676723,74.89131066246972,18,17,3,Good,MEDIUM
122.9022895258295,111.38446195194,179.72287313054102,177.31334013550307,130.5555151606407,130.53608738203658,104.30581673770631,102.77252351264269,74.6587513833144,23,6,2,Poor,HIGH
149.32096692252577,145.85040256260828,148.38579015297168,148.8233757102566,135.91214206090353,139.42683625366712,140.49109007978103,139.5327120470058,91.79245214166593,16,14,3,Excellent,LOW
164.81256738039275,164.7937834016985,158.60020996045915,153.8877740098763,166.11324085837853,158.98023660971643,160.6795217813007,159.70698393967265,89.90875095589655,20,16,1,Excellent,LOW
172.49911142827523,169.1119365560016,172.55683357584286,168.01229190178526,139.01532030937665,139.87169528589746,164.89238193286246,159.9094268180145,87.84119186699891,23,13,3,Excellent,LOW
115.66890382115201,111.07802392985201,142.70818245348693,146.8769909379267,137.71743530513632,141.24878594717387,100.92970651536231,99.13248897097918,88.35643987640475,22,9,2,Good,MEDIUM
131.48356423347073,134.11075355812665,134.07970902001202,129.77200656188992,120.3110917664392,115.57802928062154,95.67527335999421,97.65525597676098,75.87135308855554,29,11,2,Excellent,LOW
125.34963676386519,122.2583359057149,158.9140070498087,158.20355122958867,122.15653642780453,131.41517069449856,112.92330017026275,105.45423939989576,83.63333042276042,37,16,3,Excellent,LOW
102.91260508220674,104.33028342268538,146.33256208980205,140.69162432444438,169.6721402272553,174.51373475980188,105.55040271958984,104.94545885762092,76.45415620226714,18,7,3,Good,MEDIUM
109.95590666822274,109.52712876757823,151.6760368790371,150.21738502177772,164.64255857994692,161.71178977473156,96.46983732937582,94.15672967351927,77.13257899760431,27,0,1,Good,MEDIUM
168.64102957198605,162.4457148526897,134.6936645040646,133.6642773117523,130.97195982643845,131.70738188407668,131.33570059412534,133.6472891345207,86.28445314000668,20,2,3,Excellent,LOW
142.45279078705573,139.73277345058398,134.707849413428,133.91763187882617,138.68479856347764,136.48778693402045,127.17390503516891,131.56109005293453,85.99094730571053,25,4,3,Excellent,LOW
103.39780073290333,109.16289388916779,155.1568129290044,150.84922647546608,171.38939047129935,167.46335586710754,95.64549979203439,97.49391368908746,85.69677112825262,32,19,3,Good,MEDIUM
150.78762567872363,146.6500162527809,170.56020883680014,171.17305766280413,169.23836854463732,173.78643821917115,142.11878174862304,143.9063423277193,68.26737439506982,28,11,2,Good,MEDIUM
128.2944312420982,128.7356295566319,146.82771074443633,145.53763458688658,159.34335812284453,165.56304882939094,117.2499655571392,113.32516421618901,70.42778112943613,22,3,1,Excellent,LOW
152.2552874023113,155.8536869040443,166.75355219019428,167.6754507528241,168.20885582309091,164.89287577940263,150.04918013126866,147.80845597048076,92.27338957069057,32,2,3,Excellent,LOW
109.57672970668492,111.54529384243156,173.3558303604861,168.77347248298287,153.71200152862642,156.76991446992926,149.19270083578996,144.74804558481358,69.52944609615918,32,16,1,Good,MEDIUM
137.24208930123083,131.06209350684284,134.99924435809316,132.4710390686324,123.20911780484214,124.77728536377252,144.14159235394425,143.64349136356952,79.3008379857057,30,15,0,Excellent,LOW
106.87781104438608,111.37197817115215,140.63639475121144,147.06601031555311,176.77167257290142,175.40131709997883,164.4743284549834,165.47158662147123,98.9699283413764,29,4,2,Good,MEDIUM
166.57781370687246,163.27582491970242,137.1495841026418,136.18542657768282,165.69063790304833,162.4017563207826,96.72854448919979,97.70329333516744,88.0387652583648,25,8,1,Excellent,LOW
166.89226815825825,167.0696703882545,141.66140362122638,138.13302118725917,154.87832503360693,156.03785627975543,137.35109910570276,136.6021992803075,74.00872986801254,34,11,1,Excellent,LOW
152.8813273222495,149.71444740762718,151.72259222441357,148.20666166106224,135.22093043238831,140.99591927113136,149.27790887285346,141.61827939441537,90.68779412434287,24,6,0,Excellent,LOW
151.07795703226816,148.9189755949698,153.88574454401137,149.62585964503631,124.97347930160126,114.71611137575849,154.16873992213874,158.73964345531408,99.11602675017083,28,14,0,Excellent,LOW
103.25505874736295,106.62935483848433,133.77172735448846,130.57276291976856,129.97292591455516,127.16567214444476,169.66651000234964,165.79806578394576,87.87700223455259,18,15,2,Good,MEDIUM
103.40847852560934,102.9647507830913,161.00662989007685,163.93555726952016,136.64287097886796,136.01197514585155,118.26817824208422,112.84794642001249,83.34624447403488,20,8,3,Good,MEDIUM
173.96580583597023,175.33282973907887,145.4763808143164,151.10489333196406,168.82770118241692,165.2340424970235,162.8741747595074,164.84185144553342,92.90148971692676,33,18,3,Excellent,LOW
143.58719658856197,144.15539695623224,138.24171305685005,141.35318845168393,144.67530699512213,144.2433671377099,168.82288405324033,174.93128909281023,75.06955879751763,37,16,0,Excellent,LOW
104.7633872192501,106.13321489128016,167.4955374734986,173.23012629302687,174.78994513545857,181.1745169110651,150.56649616339647,152.9707119402426,75.11402197103146,36,13,0,Excellent,LOW
109.68695613636213,110.16813866320972,141.43214027517314,142.9754567773494,160.3020410643514,154.16558438140893,99.08460737597032,104.19531466356436,86.86292782371198,17,2,2,Good,MEDIUM
123.08329298282871,120.83025853698726,151.02678893325375,158.64456230688643,167.0800958366586,171.6785881519909,162.2520846941301,164.3529315448939,84.69054848389169,17,5,1,Excellent,LOW
144.24382651409746,139.51079246343437,175.20793472468742,169.0902381914071,140.89532802139803,146.90475622978215,121.72342258570161,122.01980170738071,84.88346800911494,34,16,0,Excellent,LOW
159.7353831755408,164.5840089084412,168.44588706576988,168.0137391709463,123.97415867111195,124.48632294534579,117.79307265803314,115.86771926091424,68.36523164314056,26,15,2,Good,MEDIUM
105.6897496081498,101.28474198876135,147.28336416619317,148.74638399096304,173.80730459436072,182.0276750288466,103.78558969613039,102.50814966599576,67.69156075234683,34,4,1,Good,MEDIUM
120.89427542739689,120.46615398757866,140.31668592028961,137.21095895303148,141.85619166288453,149.7150921945501,93.14497118728792,93.28602539517483,91.9764159563617,37,14,3,Excellent,LOW
165.51839680800828,168.9238138664103,167.4129845191829,165.55189335157627,131.07126116138264,128.88214181603254,128.7618388152817,123.84962273878719,84.73019086121184,38,13,3,Excellent,LOW
154.03870460435985,155.639580485988,172.22203363168143,169.86849795024153,164.97697392051523,160.29790018521487,98.38953332259847,91.75316696904784,89.49620824375276,25,6,0,Excellent,LOW
163.05324894084484,163.3543127245616,141.66082057749006,139.03579457511583,140.57561185669562,131.86888629960688,141.90582722332607,140.3416912184041,79.18328407017,19,14,1,Excellent,LOW
144.01308385156594,142.25106561607183,136.37901513977818,141.12512968866952,137.02655434792348,142.60948209163774,135.66226437351295,130.42366721346536,74.24386903591385,28,5,0,Excellent,LOW
170.02688678199058,169.20193094616712,172.5408758918073,165.70702463837563,125.27325747240863,128.4631942903219,90.42400051180843,91.00481675295026,99.0026865178057,39,5,2,Excellent,LOW
161.56461048650144,162.70853115125456,153.8309742063206,159.18031271244578,170.31495352215748,166.67618172156367,148.89977469587905,151.4542692952296,81.19360092724466,16,13,3,Excellent,LOW
106.54676346922565,109.60377226366174,146.0321096079757,146.0645041024048,155.63298585347394,152.641105894168,133.88824943505227,125.33304817581501,81.95687919555908,17,12,3,Good,MEDIUM
160.7405834390976,164.08335188735816,168.0113929944843,164.62227243051146,155.73832443647066,145.8517464359615,117.90946132343961,114.7218803015577,97.18116576991304,27,17,1,Excellent,LOW
169.9703550324966,172.64275883952345,166.07982753756386,165.51220455907682,122.88567863784526,125.20289238533414,150.04015398122507,152.02932109254817,91.98148523678063,18,4,0,Excellent,LOW
117.67688095487497,120.64634061991144,145.80982911482474,146.5401986469244,155.2984005477034,153.29525501803303,147.1025963884261,154.7306719960683,95.98669781168692,21,0,2,Good,MEDIUM
132.90585065412543,125.46221113070685,149.5741055100751,152.56492571491032,151.91144878129043,142.75520375355845,116.62526287299875,122.35519054280877,89.22196547237206,25,19,2,Excellent,LOW
165.89718365300786,172.7204830903586,158.65754246286943,158.56055171009407,179.86155695543061,183.17417091699105,152.28575512406007,156.32533496825872,65.72511942193879,19,1,1,Good,MEDIUM
137.0486115348147,135.42351261725557,156.82406757422973,157.60565453545178,142.72929393341494,151.7580870577875,130.18306779700242,126.44851535995072,81.59442548451347,30,3,3,Excellent,LOW
157.89114854486837,158.00020736414388,158.2754173661487,157.87011644240388,162.97074448397711,167.69864067846436,166.72598356512222,168.1586709465676,73.70097028714173,21,7,2,Good,MEDIUM
134.65043527330994,135.37255864053165,160.5727117717324,168.50342652192805,121.08661102925043,128.21526550339476,163.79995049418366,166.1610489704308,88.28954537253594,25,16,3,Excellent,LOW
128.08265272903165,125.57297719152174,139.31604397470602,137.8298762459123,170.24944734014952,165.30966976599987,108.19164967016901,103.79422637084066,84.31577575177035,30,8,0,Excellent,LOW
125.13979312344257,121.0913756224019,156.86978014689615,151.90521013129884,175.19133698476563,170.0314933858014,149.00009984877988,143.8197847605254,78.08871763559229,26,11,2,Excellent,LOW
110.56427652848498,110.53766270996003,150.9462724752274,146.98883733962157,174.890754064086,179.2125935401074,140.58114303356243,133.20152207237805,60.523778263533345,36,16,2,Poor,HIGH
173.1655986762067,182.27220518180206,173.0316008945367,168.14369306287395,152.10418313601951,149.7909274443103,114.79495410148887,111.15272272252935,75.89272461830392,34,18,1,Excellent,LOW
115.38547303615054,125.66518039491189,133.2854319714176,129.96411860761754,166.53165700170064,172.08598607786178,125.26101975505824,114.62361432686075,76.03052243501304,21,18,2,Poor,HIGH
107.72361094984866,105.4527348107459,167.66231103737255,166.9977447473184,136.33811128321796,136.59264424469217,154.05998171888967,157.8660379706615,99.15725742463844,33,6,0,Excellent,LOW
130.59883715236336,124.10874263157235,139.80565498467263,140.82862004150402,150.33047274636203,143.496459628088,135.55548142108003,139.59686143284634,95.49841930054012,30,7,1,Excellent,LOW
160.3986225518429,160.4506245778234,170.3425074481293,170.52721331000566,177.7589591132925,170.98589441445333,96.95400119602795,93.35186965527937,85.32963099643842,16,18,3,Excellent,LOW
113.6076576317348,106.9285409434612,174.63358555384875,179.9276463566369,169.04661370430645,164.08060878050998,120.37539265338135,117.11017101716197,83.6117977005923,27,19,0,Excellent,LOW
125.88941086609567,123.38016869938646,173.0534009987361,176.80835541293555,133.1706315048575,133.83629209990906,168.82938497933878,164.9254657461721,78.84261810775257,32,17,2,Excellent,LOW
138.43432419114413,141.91328595205778,150.12750217984902,153.29887697991794,133.08138644964518,129.0785178178718,100.58209689002643,107.99795839927395,96.02289204945544,17,4,2,Excellent,LOW
161.69379069337555,167.08077460793953,154.90453767555027,155.28491715459168,124.0305239949426,123.75460135355944,147.61620653058367,137.3033448119337,64.26314920514697,37,5,2,Good,MEDIUM
144.80598266277312,151.46788044062342,138.76856393117248,141.81167412622688,174.8647167554976,167.501219830171,131.51341642262702,126.39510855568422,61.8786386710022,37,10,0,Excellent,LOW
106.20990009438448,100.4724402257491,149.46478070209884,151.2078467316968,137.321624206242,142.68687188504254,113.769737249854,110.23462609439693,82.65618561187588,17,14,3,Good,MEDIUM
170.26223044935685,166.828799328632,131.55915675306423,133.6600863912912,135.7358426579895,133.4332913530384,129.7092997760989,130.19733903468034,83.87371395667557,17,8,1,Excellent,LOW
135.56779815252773,130.49571210595545,150.63967753033762,146.65224004885306,162.29553298133717,158.51677023119146,96.07467282956976,105.28632042046222,63.110613763158284,27,11,2,Good,MEDIUM
120.4108852922472,113.35941757676304,134.57910366633172,138.01150927418098,175.03881452773456,169.76142297118494,133.35207579026866,132.44709491423396,94.91783343505634,23,16,2,Good,MEDIUM
154.3077496954854,154.46671647912711,175.16819063180125,175.20223606872992,158.79989514702982,157.66663388369938,143.59339716400314,144.08161290201517,61.76661750840401,31,6,0,Excellent,LOW
113.54315088455002,116.81708982310417,131.69729892928993,132.09884189202793,161.8452160348104,163.63177496087874,167.68465961322943,166.83157010936625,97.77065956453735,33,19,2,Good,MEDIUM
134.1357763777117,142.90004039995057,162.5083675221614,163.5285704137371,141.88183496743835,138.45873596978808,160.7998685218625,171.76738188294215,81.210605305396,38,11,2,Excellent,LOW
123.64677533729578,129.4346868747107,145.9376251466035,146.5272894761382,157.55348258622055,158.6216836496976,108.6367579802907,112.19528116278444,60.97603126226152,25,1,1,Good,MEDIUM
100.01781426819134,98.26715158898052,176.62949547126266,173.07049018559854,124.20178234484825,134.5926009177858,111.73495768552033,109.13347390924022,75.93149535902542,22,19,0,Excellent,LOW
154.9203855388484,154.8849294482229,144.85014382274412,144.4461255604963,171.1693093015141,173.83813367564144,112.18125165574189,118.63713093865167,96.41356408230138,30,8,2,Excellent,LOW
128.82449853697614,124.54218621826746,177.49805919751128,179.54592890688272,167.18070086493313,166.51780865234667,160.32946460497317,157.02712523290333,97.7892808916564,26,12,1,Excellent,LOW
112.52754595690564,113.19335478975786,160.38683974394297,161.86419353596742,150.76131066099052,148.21035072398524,107.63889672561403,105.51490890560676,67.45753048577018,18,5,0,Good,MEDIUM
104.33820074225473,102.84460366874845,167.91192378520458,164.3912131641682,161.76123708322754,163.13571144136841,107.95524574693286,106.4490351428438,68.95270459290492,30,8,3,Poor,HIGH
143.50646558783583,141.0553108258983,174.43740399344887,173.2742993136409,177.3390898937852,178.48255145668483,142.41935845112175,143.75718561106984,82.03429482436557,17,14,1,Excellent,LOW
119.48153378202447,119.34902589052928,134.0523107953824,139.43598438593577,133.21099211698868,131.140546920844,158.09655312390151,158.9917049304571,79.80586108055897,34,2,3,Good,MEDIUM
149.65840075799235,154.07325623555474,166.6954959476851,167.09319415157944,151.2756187308249,149.7624471966768,102.58725277620208,104.77437019286303,66.41600421320288,28,10,0,Excellent,LOW
152.31035962519627,156.34444292431058,167.63583197788205,172.2308983816048,129.51630631758442,128.03501284319523,149.48066050332864,146.14642455421156,66.43039584193232,19,1,1,Good,MEDIUM
156.7476852838701,153.61930254278025,134.20491122339922,132.35985718937982,139.58601459019758,135.62129335175737,120.1356289589439,120.75325806679066,60.362896186109,28,2,3,Good,MEDIUM
108.02354791202188,109.0210826468649,178.14960019294972,182.88196003224013,140.51232996232116,142.94391600118732,98.20077823925433,98.94721473187977,97.48913948945804,19,17,3,Good,MEDIUM
122.57226752101121,121.12043840513638,159.10852300881368,159.63244081691715,140.7529834171774,138.832455946394,159.7229444921901,160.23415528165722,98.93955876709587,27,3,2,Excellent,LOW
109.7564680097974,116.01856412673476,164.16476883032527,163.9675180471063,146.7541623826049,140.96210678093993,103.08990569533353,94.2946818688532,91.79238194999718,26,19,3,Good,MEDIUM
106.1785784211882,110.6659911788956,143.66297634991048,147.59460782398713,177.0518137350246,176.16216262120236,165.4892736134079,160.90143909847416,76.78909267704489,35,5,2,Good,MEDIUM
120.56614017615026,120.38379611072827,174.70496018395673,175.4349785319248,133.79727635346518,128.7911186567034,159.14865998717096,164.923718403464,78.9283962676623,23,13,0,Excellent,LOW
165.1467375966708,167.97759976166927,172.23916140584438,174.40678164671462,165.66143945657993,161.8839643464077,92.60209435930015,93.89507741093607,96.83391391262748,18,19,1,Excellent,LOW
134.65729680742456,128.95279467674737,157.9206336291599,159.73912890099427,133.53240854662414,135.31102928929198,116.07403711616598,112.09261566046992,83.61055755542489,23,10,3,Excellent,LOW
134.1415111811351,132.33228590413879,160.00102740596517,152.7293894260783,137.49975472255818,140.6429553571615,152.388079111468,154.08990935860785,61.58475301393429,37,18,3,Good,MEDIUM
110.9441555526359,111.59520386833182,130.918381847027,128.18299838077294,148.9413828930955,146.50340056582326,152.0643788634365,147.47841403303823,97.64950016929546,16,1,0,Good,MEDIUM
106.5899874358625,105.51324290913693,133.92892485775104,133.67050952130094,143.81539657209578,144.5970377120823,145.15719753098125,140.90666642131686,92.0234679643633,17,9,2,Good,MEDIUM
150.2789093765809,151.12118128709525,160.8302290931237,163.47111784088347,156.77665049193635,158.26449009497034,165.7880370104831,165.100310249025,85.01218640855791,35,14,2,Excellent,LOW
136.32988356805305,138.93552069176113,159.8737931315965,165.8034259527812,167.02995320513173,164.7111495592372,103.11995847915978,103.02353896654976,77.54428865958154,33,11,2,Excellent,LOW
148.77206394050904,158.2463004524258,146.4508718907331,145.17875614473462,148.2109555617999,150.49573124407175,124.69242671651111,126.19343173898598,61.746466308294444,27,17,1,Excellent,LOW
153.9401333704198,154.0921472830926,139.97712254645725,140.33721652661202,160.81369454587747,159.78418839618408,159.46180043267043,152.78746413716007,89.08676279065233,39,19,0,Excellent,LOW
125.94512444102222,119.69789699544033,166.26288302075682,172.26809432834722,149.20013648548218,142.66832736331423,137.38802628746896,135.09695258927485,96.49453382466764,27,2,0,Excellent,LOW
134.93596052651864,132.97780275175262,168.80001035177148,170.66767935179922,144.3186109851446,150.95840139604576,119.82789097511476,124.93046890561786,80.50460820823221,20,4,1,Excellent,LOW
136.9208392336026,139.09523985198032,152.26526275013327,151.15341975387497,150.8890412357814,155.48410403726982,103.08190980680182,96.12305469168942,75.64326146607043,17,2,0,Excellent,LOW
100.67728030971627,107.54434223097381,149.8329888171781,154.44582349740023,134.22167142650017,135.9542505034278,125.3619499026286,124.16391334993976,73.23557451956688,25,11,1,Good,MEDIUM
110.93174261835638,119.69074376959313,177.42916774257168,173.64940784345222,135.15166692452516,129.96565985460185,138.44305261159064,132.3926706082354,74.26928212160007,27,4,0,Good,MEDIUM
163.3127836726898,164.76340616169446,173.41356402566294,177.30977953749434,132.35047260220608,131.04294948348746,94.56694848714518,92.36315602928347,81.24678112004128,35,0,2,Good,MEDIUM
116.852588272951,117.61633927604426,164.41039329332978,161.7267035960884,143.84273930786406,151.72941430971133,91.39038321483837,90.53784186816908,72.92522628281114,22,14,2,Poor,HIGH
136.66349351926903,133.17895846311896,131.4986794936339,132.7088495636961,138.47579649547146,134.72192485464805,143.87459466599338,146.4516673040306,98.79648184429081,16,7,0,Excellent,LOW
133.28126644784282,132.51853684478945,164.63129761130824,165.28359623084742,170.2869173788866,170.8885929994609,129.7739811206742,131.2338251305391,84.71388960804856,23,14,3,Excellent,LOW
157.63895233928434,158.4321098487718,175.9338898496752,175.15507238232678,156.03657255277417,159.39331202363942,117.88589337935764,125.14738411866526,66.37149780971221,21,8,0,Excellent,LOW
130.5180970542153,131.80352591601638,158.3508130493334,159.61657531203926,164.3069525550796,163.330326013917,116.16265292505909,120.01900159821253,86.70373542254339,21,1,1,Excellent,LOW
165.84183692809955,169.00143724825105,148.78361259408632,147.60933604402612,137.81215647361685,132.4500420600868,140.41669986633153,145.07443845030315,84.39327221994779,30,18,3,Excellent,LOW
141.13747912386077,145.39174200140485,152.22097263756007,158.9593595353681,120.88002342277584,116.12607653507011,141.40607751577517,142.65439519105385,90.37377311691463,24,2,0,Excellent,LOW
164.7500237178869,154.7524008583926,131.28210329032177,138.154931008094,140.47486965756937,134.916579790515,136.4137895381866,129.83219455035902,81.34410186907513,30,10,3,Excellent,LOW
141.206067882284,144.62566940076684,156.06170662426672,158.9999393267689,169.3436051290235,173.0101189936536,95.70242160441312,95.06343504295225,98.1864012013323,19,10,2,Excellent,LOW
104.52005427171706,103.76446752057916,135.07104142246084,136.73026125178228,149.15230555117955,145.67001508613254,114.58319719410292,110.6461076929329,92.12103591330654,18,7,3,Good,MEDIUM
106.72197543662065,103.85451055519029,178.83626193312895,183.5123016633959,169.3904409357396,165.15588353815127,158.75326346244714,159.00592529967582,91.99124381696086,22,16,1,Excellent,LOW
113.89213349105573,113.31675040740788,134.35194812938292,136.74057455474048,168.94491861025685,170.85293348783713,98.98434755289753,89.8766967604991,60.103360593799295,37,8,1,Good,MEDIUM
115.903362993117,110.29294190591823,171.99306514333603,177.24179537289683,174.00138740388067,169.02593446231552,152.44204121950895,149.67042042832531,70.99224142192544,34,3,3,Poor,HIGH
150.35685021479608,152.7035630489164,137.48519839784788,139.52821711407256,145.4366887747981,143.64810292526246,159.5407699720842,157.19654156460172,78.91567862532729,36,16,1,Excellent,LOW
101.77289395347523,106.6712317039798,157.3348706357035,162.20506032260064,133.91682576695854,139.75480018049262,129.74134870873354,123.00010495368578,99.51142080859549,18,6,0,Excellent,LOW
150.6880933815532,143.21529178173262,166.2258425699309,160.30343022492323,120.94926550593495,125.11970084848089,138.25755281706978,136.17813925087475,73.48908531021681,22,12,1,Excellent,LOW
119.867158542755,124.389971777213,150.05939570194914,155.2065012051323,142.01736475228805,146.66505916087638,125.39279491845356,119.18667273145286,93.27452453005688,20,11,2,Good,MEDIUM
148.01261678711245,150.53778192015312,164.00659655517256,159.33674864278214,133.84975134924073,128.4207304259336,94.18711006292067,93.43078418627317,75.13905693943477,21,16,2,Excellent,LOW
154.79878826794345,151.97874084490982,158.1148407938955,157.94753356092238,177.4575170703228,179.61254104010828,106.07469509272451,102.39200072040704,81.43310737892325,38,15,3,Excellent,LOW
126.06786431792366,130.43310480030075,176.35889097397262,178.18630533669415,134.0785249113272,129.7092738526369,169.39868017267003,168.1330463738908,97.08003871697181,27,0,0,Excellent,LOW
150.36688327097778,149.4205618680612,169.39509941461324,168.20591790946983,171.8811715220124,172.50288084498416,102.74432164951843,112.60725747119814,62.524361323166005,19,0,2,Good,MEDIUM
119.73344274331322,116.91629191054847,176.84789115155314,176.13124890795336,153.22813444274257,149.83573964538564,125.77620324038685,119.37212604957983,84.02377333442469,38,5,2,Good,MEDIUM
158.9706967567821,165.729458410217,149.55213815290873,155.2312473946437,150.06917995092059,153.6149727389856,140.23600422181087,131.06009886167652,86.97215225636194,25,13,1,Excellent,LOW
110.59585369566294,112.90832208555851,146.12639889232076,144.55919248963968,121.37362949856721,119.63718878058329,166.58583103156698,164.4107132986736,82.92165715723397,25,1,0,Good,MEDIUM
135.95158301033888,139.60108146619035,136.95990123087648,132.16676547155626,173.89569763756236,171.83067357381387,166.22380220810356,169.9509065977384,93.00803069662273,28,1,3,Good,MEDIUM
135.8675517286054,129.54252144492747,133.9982697179651,134.10660024395548,166.60341782830156,167.57088463435574,164.91593391069284,161.03783835261294,95.0442077039217,21,10,1,Excellent,LOW
145.1914872882149,139.9423697468592,158.22205453394412,153.53409017814587,131.50694733551163,131.19063234508621,150.34028354750905,144.4191471546792,84.7799100563035,30,8,2,Excellent,LOW
117.93850781619442,115.48489716203066,164.6080670847066,163.7006580252422,123.73750788780376,124.37980381200322,155.1176215604815,155.12980564109515,84.60877752924043,35,19,3,Good,MEDIUM
139.52810979337386,135.3522184333808,174.33021076202334,173.70332930002726,146.98707892927936,144.95864735274893,123.13038020231417,118.44621278561075,93.10151582267497,20,4,1,Excellent,LOW
118.64351932862066,117.71283169454067,169.51688679300742,166.37745296513413,154.92889378679834,150.95506888257162,139.5158554406177,141.83345239731372,72.94001579645895,33,12,0,Good,MEDIUM
114.9142208331472,109.36243659088103,162.3045061731254,160.01778178673663,149.96003009871708,147.21236707554712,100.17598101499597,98.34311493779367,94.58641568561671,31,17,3,Good,MEDIUM
160.80144459896997,164.84905784627693,149.61968607642373,150.58284307642023,177.3733314389369,179.23351328299762,154.71067693090623,155.3772882451603,63.05667437752206,16,9,1,Excellent,LOW
102.88197617217438,102.528605536138,161.86007384041403,164.62412264937353,159.56123533234697,160.66740999991762,139.11468678080496,142.31268379482154,62.6660816224276,39,12,2,Poor,HIGH
107.92701099297055,107.80654912457015,132.39154101970527,133.16919507473506,122.2813108942473,125.45353641687701,154.170444650207,159.0814536894842,64.21470135811224,32,4,3,Poor,HIGH
155.31312695942552,149.92462180130673,147.4851614872925,144.57031937176052,166.47921187087093,162.29156794014318,103.92874682672675,106.07535783683589,63.935825988535896,37,7,3,Good,MEDIUM
131.8222664413666,131.9413834943051,174.94504120031178,172.40110156734576,166.94909547383628,163.5035606644093,95.54034450286879,92.01849664357917,98.39306072303717,38,17,1,Excellent,LOW
159.9035643740931,165.72603913441756,167.4036589714766,172.8014736965336,168.70618728540825,165.2912411466686,117.06140047955986,118.49823808139122,97.12334561304199,38,8,0,Excellent,LOW
128.19946674559836,119.53688583198186,138.18419007326509,141.10697673965151,136.4274784508464,137.26975858668024,129.68382709439092,131.733825303277,60.50859559947574,36,2,1,Good,MEDIUM
161.19602042264628,160.52753356750063,167.75209643731392,168.59983628877882,147.6323698364484,149.5962696430014,152.11579571997797,155.05530686417723,86.24647350724285,26,10,0,Excellent,LOW
170.30410498728392,171.90285679429448,170.88926649284724,168.93519581147174,132.8106819786403,137.76381426437484,148.62412358130004,148.7092098882443,81.68948821967393,16,2,2,Excellent,LOW
107.94480344188698,111.95261251305405,151.6900256127386,152.30510567392423,129.65089043746477,134.95812811763273,149.3369649210344,150.32507149545484,95.25803118700085,19,7,2,Good,MEDIUM
130.11207368959663,127.78997989037774,157.7542474651143,159.51998267837612,163.9842777617805,159.20074551363976,118.43076549485914,120.20917616773971,91.35167137941589,35,3,1,Excellent,LOW
163.6035843348079,164.85355105583645,130.5515807131233,131.50958028220344,164.9727290681333,168.06806004270243,150.5011726313162,154.98987274652293,93.67881485986834,21,18,0,Excellent,LOW
109.35355426835429,115.60849673255349,169.01998880736372,165.26924931300275,133.03254586147264,134.60819375441724,90.15039068199285,86.65028905136786,67.1349033722932,25,5,1,Good,MEDIUM
126.66197578310181,124.45454319953203,162.11627629526137,169.79087415226613,123.8912156689781,130.0596554792496,134.85280755329367,142.87717910593017,84.13950666385819,17,17,2,Excellent,LOW
120.23655400961607,120.20838281391713,133.85291395671655,137.79013982194445,123.51305575463876,127.9766639681002,146.61447477927325,144.01741246696955,91.54459858689626,34,15,0,Excellent,LOW
111.0589395029713,108.19165022056008,134.43002148398085,128.83041163276167,133.23671716267268,139.2905161356412,169.86780091143598,172.3910476496551,97.32453325374232,28,0,0,Good,MEDIUM
147.81649483526724,142.5056312522408,164.29556355249318,164.24810442170698,179.46758590927823,182.86796186654547,166.02502023444734,169.52788368405126,68.11745470299608,35,9,1,Excellent,LOW
112.39705832276309,115.26901956242777,159.32395460943536,164.3505967900688,161.8602376512045,159.526588227732,126.93862508899058,121.73501806293407,79.23624003012279,36,9,3,Good,MEDIUM
136.22266540640163,136.11260578619908,151.842535130759,157.15928992076823,163.77049371914381,161.3616454776967,138.8180119582113,140.69310898251138,65.41416329110743,35,3,0,Excellent,LOW
105.17185122673159,104.77123492081178,143.0852841867953,142.47426293626438,134.81872794432,133.91281237671387,111.75597809029048,113.2254401175552,90.37593049671855,25,12,1,Excellent,LOW
104.9024618173289,102.79814968848106,133.13266017276771,133.09060155799494,174.38624720066466,174.7928243514227,122.88764820805653,118.36354264208876,73.8937330503537,30,17,3,Poor,HIGH
149.78422646316918,150.05218933206865,176.8411231016546,178.3889407547669,123.13547275716142,116.88528932961525,148.46567719845837,146.3494664890732,99.25188361988987,33,4,2,Excellent,LOW
154.3866795663336,152.1575550699173,145.43493716865976,142.24283446305645,176.82215926432337,173.52968701893104,144.7003284461634,144.0436107996814,81.80422113042799,39,1,3,Good,MEDIUM
154.21107274063627,154.91683896174516,157.1769108671323,156.07582734988233,124.9035207448067,120.61496469686428,103.26196321306206,91.57656127908363,97.82792588001129,31,1,1,Excellent,LOW
134.67216707504554,141.7516167577534,157.27159347034527,154.16847498657447,123.73638635291314,129.32529204314818,126.73919020775665,126.96724275324085,62.07826310217074,32,6,0,Excellent,LOW
112.3529765074222,117.00071176124658,155.96929297519688,153.66419813325467,132.29287644904275,130.85098283222436,126.09914753447904,128.14480953819887,99.399586245635,32,1,0,Good,MEDIUM
107.06139325942735,101.92963594223417,149.53641828068066,146.77080536587087,167.9006512934597,164.68719610921863,121.79051123882532,113.27060373649353,63.736318879011826,20,18,2,Poor,HIGH
115.28248443457669,107.95941064099722,169.64272095169196,170.24467636355902,154.65560195286946,159.4081848916974,121.6776378129964,123.82461230504624,96.60360273628173,23,17,1,Excellent,LOW
133.57022052401626,128.6550188498077,160.67365693195882,161.31189144733804,141.78604419804063,151.96071577924673,92.67068814291049,93.40191577973184,74.54772499024561,31,10,0,Excellent,LOW
133.02425637762616,130.08104071745484,174.12081842036693,174.73183467504623,168.2162121264921,170.30139328887515,123.42087834200797,123.44412057617777,99.3644127614599,36,12,1,Excellent,LOW
112.44661714718387,111.69804008716568,138.11167028912396,141.06886027616355,120.75645119854555,125.50599540480455,147.5482897895327,157.90654435760715,95.61032212071208,20,2,0,Excellent,LOW
125.26303763958275,127.19812860339013,135.5374222659479,134.83117540020822,165.57494460687792,160.26319855180412,110.34575849426534,114.67847288249037,92.77020419485845,27,15,0,Excellent,LOW
108.47074063083802,109.44527063086751,151.00593639238625,149.62866320172247,174.32159245667222,171.18544895669632,139.1021935052559,141.5367488247519,77.42021817592638,37,16,0,Excellent,LOW
160.4646910752843,158.55668155563245,131.55577999586788,133.55513094600803,164.3576841098864,163.08739131459146,90.30537072994777,87.60352495052466,87.26677929606481,21,8,3,Excellent,LOW
117.03846677676361,115.00168581482176,162.1440955029354,164.47668922538023,161.64903441058988,153.9045731558754,107.01155010968769,107.51493798816512,61.327574182497045,36,13,3,Poor,HIGH
170.3728613836362,171.77538178073044,169.42236716266493,170.88992855310792,159.89909420855972,161.53836883627378,143.65858495246673,142.69355433399255,82.4176252392176,17,13,1,Excellent,LOW
117.0047787192633,113.1973768205648,150.6380564633013,149.72720634737803,168.14125974955584,166.6306563042176,123.71552332633979,123.64992822131664,61.087000643633765,21,15,0,Good,MEDIUM
121.91636728464233,122.70026742010074,170.24533884207193,171.19627709539216,121.08039333602727,124.63504435023111,112.5216958731944,110.41467414257444,94.91015358264511,29,5,0,Excellent,LOW
140.55238574836827,139.65852181888087,130.62020181386575,129.57225142551115,148.12607792787034,151.32584553563854,113.77902461668938,107.31378218294303,71.9967644602794,24,3,2,Good,MEDIUM
167.71712463939906,169.43037648929305,159.6610785053692,162.3584856464317,173.53814988837914,176.47536859062512,92.77362133811866,90.17629609043708,83.31227340333959,29,17,0,Excellent,LOW
139.1084266782692,135.3990141415069,134.6928642411678,135.40797118937215,174.57760916619554,178.47839968532526,160.31831202258138,162.32268870234077,82.87089408193289,28,14,3,Excellent,LOW
123.77099408433395,129.66721829428627,160.0961715507566,159.0401323261962,173.55139739729077,181.97220700212281,140.5046042473591,136.05238653910428,83.66788649225302,34,3,2,Excellent,LOW
138.4272833159343,137.4430333634145,154.38335343106323,151.85361364511465,159.13345557272834,159.62627479986628,149.48751329412477,151.69345479828664,80.25064237980811,38,5,1,Excellent,LOW
166.861001171763,170.087257878487,141.94283302009637,142.56098157373492,148.17850648084254,142.51869603797678,139.80157565837962,129.42899092101266,78.78975051962735,31,12,3,Excellent,LOW
115.52444338288201,114.70470323162903,130.38320163246127,130.40380639727837,133.14412854611146,137.48204687840374,135.76389146954406,133.45377109551384,80.50670903825666,26,8,0,Excellent,LOW
161.25116315880385,164.6500301844223,156.57997323022155,154.85410410051324,172.7917606416696,171.04843927798356,144.03361660376714,144.3107928459627,61.794142720942745,26,12,2,Good,MEDIUM
120.60486441396397,115.09406132149655,150.55105376327728,144.97707763840407,174.4566601533933,177.544746401407,114.74981742902257,120.87511240734045,92.95161536885179,22,4,3,Good,MEDIUM
164.71603771843093,163.20805708176277,163.26460509890276,164.99194444690212,168.0212927414044,165.34029265449945,137.70572150882947,138.77534943825134,81.98334626888574,32,0,3,Good,MEDIUM
106.01350105614276,108.06119742025986,163.4286323361457,162.9237076342595,160.7201974003539,165.42489782131358,90.81049472221947,83.87456060455007,85.44384185638168,37,8,0,Excellent,LOW
111.57411739623095,113.38064820282933,167.04906251372893,163.82436534180158,151.79949137558512,154.03457051382762,132.59941595497173,136.26959678162822,77.95412286698833,38,12,2,Good,MEDIUM
103.28043042317105,103.91985599116066,147.15836765863293,144.07534223585506,163.75040925296688,167.62823805507384,145.39942613353801,147.10820358102475,77.19724309560593,18,12,2,Good,MEDIUM
140.69007763991885,141.73952716121352,141.3139554107116,144.46753744366973,143.05437720824287,151.81767784773388,150.74808206020904,145.23396466003607,63.954944705625415,26,15,3,Good,MEDIUM
127.83793175782208,134.18051772936502,164.42025092460685,166.758951106328,142.47317322120728,141.46015358110643,101.4075315265527,96.54969440354206,95.60388140735233,16,14,3,Excellent,LOW
125.48266203633383,116.08454880836638,130.335519515203,131.33901712053736,143.15247017370694,144.89817069167927,98.10079316921272,103.4061619611616,93.88557958775141,23,1,3,Good,MEDIUM
116.34194156912426,116.23631854128855,164.41371178901187,165.25419526547068,128.43317805470164,126.53782066641797,130.436409432836,130.37860034932288,98.56069628470809,19,13,1,Excellent,LOW
169.4227997519002,162.35361033945787,145.6603130535087,141.30739326618544,128.8237110339953,124.43921893504302,156.8384189105862,156.69443726267724,74.81587945101226,20,2,2,Good,MEDIUM
133.30957848743137,133.36687152027378,134.41008518949354,134.87864865831617,156.4126404946158,156.33942655852985,132.58060249191809,134.1695809288839,66.73347823676521,36,18,2,Good,MEDIUM
122.67499370136203,119.52385869372907,132.88237910995124,131.0198363151979,140.5468787300828,132.62967948857965,136.4374080794957,139.42904910396584,65.56786805382782,18,12,2,Poor,HIGH
161.2567697589646,163.78099583105063,166.72889615607068,164.7666561266277,138.02936313602595,142.29075364219247,126.91564095098501,124.37826852764229,89.23272114847235,23,4,0,Excellent,LOW
153.31635375117395,159.97411476696678,147.67303702733912,152.35875630163744,147.50798547415548,144.7938681326965,144.46047143683884,144.7631606130278,78.67128308924751,27,5,0,Excellent,LOW
171.18341073170802,167.54595165314558,167.7310610799296,167.81768824937663,149.51586600634374,149.18146145198006,131.79553163243716,124.09757898824176,82.50846796089357,38,14,2,Excellent,LOW
138.34565966505633,149.20944595430785,173.2788572812276,172.4697016865556,178.84436061500577,183.62018565495887,151.1622235723774,149.81463227004343,82.94115805822292,28,2,3,Good,MEDIUM
174.7092212229581,169.17063474017968,142.0191194349742,144.90838642961327,138.71394480025683,142.25578063585817,164.34059184057833,167.49712794116505,61.2219782837352,18,9,1,Excellent,LOW
147.44080824743708,151.77891643341744,146.67036610795552,148.14018785635574,163.9830713915996,169.77080554439783,169.24368262161067,169.80743816397643,68.02604069615045,32,7,2,Good,MEDIUM
100.17381609286105,99.67890274779235,161.64531653392172,160.5759016218167,124.14177245327097,126.00867432363938,160.75394204015817,162.69779117186724,88.00137091088418,23,8,1,Excellent,LOW
105.82370010037037,99.26263354346911,133.30049220701207,128.4028169980358,140.92923203816875,141.35638081206545,165.81504207715767,165.2759677606972,62.892659010317544,34,5,3,Poor,HIGH
151.1311483067621,150.5853584533454,137.25982564423302,132.40632392755805,162.6066033853024,158.1999557237848,159.07206134856014,161.6172340223146,76.05224096878848,38,13,3,Excellent,LOW
130.3827020895675,129.26913740632358,153.8218493171896,155.72193326172055,133.56173986896,133.877324255354,138.2794476834703,138.37200257586298,74.31256336454196,37,16,2,Good,MEDIUM
137.73129630848774,146.48125162598456,161.23919313947013,157.36809968584163,124.30654837359079,119.88513510337962,147.11621060052718,150.24494103235023,92.90139177536787,39,14,1,Excellent,LOW
142.2466698215361,139.46479289624966,137.9312072263189,142.6025028481915,172.91953018329815,175.14440049928817,111.72376379289939,114.97272291665627,76.09786549734676,32,17,3,Excellent,LOW
144.5114322231951,145.2702791380972,153.34839999818053,156.05323274188575,140.42224477834577,141.1618480460617,159.32383853992695,155.11197822632573,82.87236654428615,33,14,2,Excellent,LOW
132.53630646823973,131.63126298354473,178.20392082450542,180.47208079074136,125.35737147153438,125.09518104441035,121.01190443645177,128.9386716620519,85.30847514994403,39,9,2,Excellent,LOW
112.52148165603991,116.3830715944046,178.30237525643386,182.0107674218525,165.66226741504698,166.01689777889274,113.84417669115545,114.63343952077784,64.21459689003426,34,18,3,Poor,HIGH
174.95996861617232,174.94593664813817,149.256005995125,146.3459940925979,171.9492099133413,167.96428168845122,140.7539316229267,140.5077585274065,90.83122473055519,24,6,0,Excellent,LOW
113.95172500042491,105.29286799918327,165.9826908305265,169.99855603369787,142.2696968871445,143.83955745165085,141.81705368503373,144.33543023060963,91.84962382251418,38,12,0,Excellent,LOW
122.14761081788745,123.65324892227753,166.92987290661654,164.223718243544,138.937640625801,134.1799930543317,147.05655066260942,153.62724247563327,67.96861099576212,19,10,2,Good,MEDIUM
150.01499954131913,152.07260328760088,157.19028639331188,158.95945267153604,125.99200926817069,121.66253991308126,162.8854962213907,166.0396906946599,93.5306143818282,32,3,1,Excellent,LOW
131.02320061889765,120.7738659837164,156.5468839206047,155.9738006328042,155.7079004943409,155.6308589754033,167.07993927100705,166.02837595417398,80.76129120518195,21,0,3,Good,MEDIUM
134.11891671306904,130.6554509645528,136.5759133458189,134.41818333192998,171.42777359137693,168.37517829880207,120.60642588565084,121.1494414053215,74.7093460322044,20,5,2,Good,MEDIUM
101.31642725249716,105.23984104904706,155.89802638562895,153.67133782505405,140.88573559009728,144.8404122675293,167.93555550530857,162.5297724457407,93.88243307935598,24,10,3,Good,MEDIUM
158.73988099739694,157.8470719788577,149.90026464772515,154.3698549635314,138.17494372999155,137.76192468939536,149.7955525277355,143.22279728311884,78.95239313591787,19,7,0,Excellent,LOW
117.93690833366823,126.44265068956106,162.22955873711717,163.52848878530037,153.67761257690415,150.99426842997016,148.05017602195326,150.5689754328036,84.78938285732357,25,12,2,Good,MEDIUM
111.02220321911572,113.01509021310287,149.40828530634977,152.82873242191357,160.44781773216377,157.20438768732242,163.39886745055924,158.36855601490078,71.62018022685682,30,8,1,Good,MEDIUM
104.66524196235271,101.32467035583262,136.71374254511377,142.9823587101981,177.47604726340623,171.045403154934,130.0482856923766,130.7872480079595,87.18481330940432,20,5,1,Excellent,LOW
169.64952152611622,170.7764617814337,139.0153967711389,143.7204145992293,147.5158766108304,151.8646573484116,128.5066701228532,129.23402627167343,95.90698690711827,27,0,0,Excellent,LOW
173.5894396873087,175.38088667831587,142.09885651585228,143.21213866979403,177.637618530792,177.8294643147182,110.76334265408723,112.09071810712129,77.47983542662483,34,5,1,Excellent,LOW
100.97721758178128,97.68749127276182,164.91555786137863,168.86643437143874,143.71235557859822,147.91229274888374,151.84712333579728,150.576000918453,72.39999748687157,16,10,2,Poor,HIGH
158.60116304608047,159.82522063815205,171.7703915421063,174.93439047823585,167.06525148020506,170.6435621971801,154.38024975917557,145.91359471558758,61.842269367598256,25,7,1,Excellent,LOW
138.60127128410792,136.17116591472202,142.29037196530766,144.5726808911857,144.16586390773512,158.14937506613552,128.52394722206833,122.67032338836158,85.41774582638091,35,2,2,Excellent,LOW
171.31964458769113,163.85348478224867,169.37745429293898,172.39999536244974,135.06008299573801,127.17966772489068,142.5304858966301,146.10087524982734,69.61595651574028,28,19,3,Good,MEDIUM
102.06393888553114,104.01259664641191,141.43472047001825,143.40729371047357,177.37920560325165,179.14489160121536,107.991217345273,104.53141473874969,77.255225950963,26,18,0,Excellent,LOW
138.75237889197007,135.5319419324249,147.6525195800151,150.52616626454605,173.64565815199504,179.28986175623194,128.1068586640879,126.48521863363278,79.9015940858441,35,12,0,Excellent,LOW
119.14818073779487,122.13258468527216,131.64048120643042,126.7653732986897,158.1625481267981,152.53952920418627,160.3597256582501,156.63465533938506,78.40009582323196,30,7,2,Good,MEDIUM
124.91432748367035,129.06251663863006,162.73253434329774,164.95430694760688,129.09570448800596,129.53358690419512,112.5977941096003,116.80790987499896,77.00912741750776,20,8,0,Excellent,LOW
144.282331736702,143.58820442056194,166.1564136941277,164.49944867339568,132.03361506437898,136.0135417395484,94.15207548698473,93.50197097446512,67.64474837984011,27,5,2,Good,MEDIUM
149.72853938525668,152.39378938889354,151.13145985068047,152.51923372924233,138.17585433842575,142.95229195061523,155.3423573204509,151.41769519589218,67.26455871026411,31,14,1,Excellent,LOW
130.43133764612958,133.25279848704338,157.1235501731328,154.87017200235346,128.97608697161715,123.8161422683163,150.3063760455375,143.10852031963594,60.82685475567618,17,8,0,Excellent,LOW
171.4166339273196,165.06277576564935,165.72120820356213,168.10001276404145,165.54031695131584,165.67362865397905,130.71124444728446,126.88653691468586,74.77123080862164,24,1,3,Good,MEDIUM
113.51468155961109,111.84356236988397,131.54289521540363,134.3696096698957,123.11371797110465,121.64081687014028,143.21169553907242,141.3727726135755,66.29305120007314,32,16,3,Poor,HIGH
150.32914628949356,156.86568626344905,145.59920101632093,139.16909904390886,148.95002521412164,139.20977045503034,162.52577685377304,163.10214904420295,60.642474599240245,26,19,2,Good,MEDIUM
100.85634875905552,94.78485377233228,165.2435505021691,164.17246289974926,169.0276885209351,171.03035140645994,94.13349773263688,94.33259248136072,80.19182393218112,31,5,3,Good,MEDIUM
113.44417089308425,114.41871908119433,149.82768409949816,153.98795829789162,127.90290171474561,123.43433640723957,159.71312273526834,155.66474319207802,86.90811976835592,20,7,2,Good,MEDIUM
123.46473706413475,123.57295322689056,142.3755036570206,142.68108577616016,129.7689029806118,124.86140084255666,122.9324368365362,121.19385647737542,97.39977727355063,20,13,0,Excellent,LOW
105.1264900232469,102.31187182498086,151.63834397996314,154.43428324484185,161.1266329933141,159.3976816366556,119.91368376102508,119.26040053188949,97.77794330777213,28,19,1,Excellent,LOW
155.0115059869078,156.06686200390337,169.26344057580076,168.18231663605957,156.0661617374597,155.9570019789009,168.16833864412587,167.09931418643376,64.12485449632302,20,8,0,Excellent,LOW
114.2361477229117,108.84909808785665,155.9852131447242,157.10865508394954,124.44253307474088,126.00490869953782,149.21290950091705,159.02852288469134,85.2280188463514,39,9,1,Excellent,LOW
172.6402998774919,169.7533496641429,133.77918069270333,134.30964330912153,177.08539325073394,174.89867291238488,137.92356697203053,136.83694653072632,84.94595113161064,30,1,1,Excellent,LOW
148.1223931620516,144.50273455382757,158.18299855143812,162.54818029888344,147.0411884963348,150.46699121639543,132.06049756473078,139.11472732475767,69.98097467352994,17,3,0,Excellent,LOW
108.77995310681266,117.40128409957512,140.6542504342404,137.72156405782235,176.34342575803123,170.56535641002213,94.03911555299263,99.76050194838433,85.09946287137117,28,3,2,Good,MEDIUM
118.98261543847066,121.27084520532723,149.95176588212175,149.7651928311238,170.38809639986562,172.64652010344003,168.1605563551155,164.08189900034702,64.07572403491747,33,17,2,Poor,HIGH
166.75427690989395,167.79783316862233,155.6363197130888,156.52770176944702,146.3030988018457,154.16446464873403,146.06941086891456,148.22853190488237,68.16098662954315,22,16,0,Excellent,LOW
165.81025349908614,162.67519083674057,143.54031640184863,141.46869324489984,134.8535862167932,134.58487305659577,148.61867798289322,145.7556380264502,84.26926898869746,26,15,1,Excellent,LOW
127.91502938689145,130.98774764474283,149.16421198211006,148.16469698761728,149.6100595292645,153.27703920550138,121.79585255192734,119.0249266939726,80.54444186177298,38,13,3,Excellent,LOW
105.13440395001835,107.86771992126263,159.2224454878713,158.59450402913322,152.2999165953428,149.1559724648029,161.62768713225353,156.10350871963843,86.65852190107343,39,1,0,Good,MEDIUM
165.52921901366688,169.74788532874192,154.97158849334176,156.27983435872352,152.10153027593597,153.63297944242177,123.55116893335773,121.633469966494,80.0032047308633,26,12,3,Excellent,LOW
144.26744943631695,141.06030082548094,131.41556372013338,124.12498733866457,132.6017609709769,136.5174569984386,90.91939786384923,86.8933446930109,76.35109044916528,21,5,0,Excellent,LOW
112.03469607034198,115.19618365454882,170.70628427955808,171.72643816326476,161.10805859246904,159.78282505973576,114.78455002579751,112.33560308776651,69.99827785590485,39,9,2,Poor,HIGH
119.11616866861617,118.03024279818843,173.63179012734176,174.09835740520674,169.68700974038057,172.14981265783078,152.90861864491853,150.64792411849461,85.28866391015796,32,9,1,Excellent,LOW
170.5840609400255,174.84356789718646,155.156623627577,148.73582599124308,131.63178407621356,133.30247887014872,157.03266998814428,160.42065833890211,94.35057117397889,18,8,0,Excellent,LOW
134.43919252994215,140.8181285592098,149.24018086105517,147.32359627722204,149.3625869382402,155.74200833303306,159.037791918957,157.17159219202077,81.27556316030056,27,17,1,Excellent,LOW
112.10221007915378,109.26389066015709,135.26727422406665,131.49175949204064,133.3416782848902,143.04854423027228,109.62818513329688,111.36002443473967,62.30928636900469,37,18,1,Good,MEDIUM
116.46654424223514,116.91674710226806,157.84392215860478,159.17902975095336,144.9465062113993,150.31330926316727,145.7143845628886,136.39176550870098,88.08584384727318,16,17,1,Excellent,LOW
130.89685712755764,132.20814181893,156.6252033207991,159.3980137394126,126.92367853073505,123.2219800264967,116.97652604526016,117.99806106795742,65.71367859257327,32,6,0,Excellent,LOW
129.38945298910195,128.86110496702537,155.39025319793896,155.92051757784512,145.15629966996133,144.9734987455742,134.85426359511598,131.79429580009148,85.13705826458349,31,8,3,Excellent,LOW
156.4478720553877,160.70432878872657,140.17182375680457,139.8736827664253,127.64318496002036,128.70831988181487,130.84494363274706,123.60995557017804,92.82395030706346,24,12,2,Excellent,LOW
134.97323171051275,134.23489305753148,170.17688297313018,168.08229637385534,174.10644171277372,173.00363294109025,133.34087714140506,137.1036617166958,98.72263248203035,35,16,0,Excellent,LOW
133.78589286029467,134.95649840989705,141.57742179825243,141.60141249710423,176.5527563806143,176.28472781284026,95.60028097064526,93.31478408484561,89.16938971654572,23,3,2,Excellent,LOW
127.71114505235352,127.18930557619605,176.46442011310296,175.27850368078373,142.75359223082694,144.01653582633637,119.8592925103387,121.08180943217133,85.27954721584756,17,14,3,Excellent,LOW
104.98474943322041,106.81387105168137,169.09799885789795,173.46546582433825,165.1048195437504,165.44012605546786,101.2259614554812,106.86779803629521,86.84629893518755,27,6,3,Good,MEDIUM
114.62313999252169,115.80944217308473,175.41142443501616,176.80097882081893,165.52291926983526,172.32274876814077,161.1302339152008,165.41640652414034,83.15227018047761,37,9,3,Good,MEDIUM
135.5440915087077,131.59276878502584,140.11270902622675,142.91240637117366,138.82960849346495,135.79726718671614,123.98806742944696,121.23853018108416,96.31354055534136,27,10,2,Excellent,LOW
141.84455838630254,137.6833914733921,152.19295942106504,152.9142340515814,147.04657703318182,146.71989290977388,133.94741159222062,136.12092986799965,81.3300559711641,18,5,2,Excellent,LOW
147.72807111500308,143.02569269250367,139.54632925358217,136.86111972675235,161.67845753362366,163.53128270202015,111.17080215402859,105.70225092818761,86.47875779175475,30,14,3,Excellent,LOW
134.61421956914552,137.5714429324747,137.5304051609137,139.9794226287287,133.03385318718065,126.23401430444856,123.21927778672324,122.18171076297422,95.53856439691683,30,4,3,Excellent,LOW
102.92344904958478,97.98207378100075,174.8959593478833,178.389954973388,173.28709133604215,175.97005511984295,169.6926138799023,168.52357483229522,93.01662656495793,17,7,2,Good,MEDIUM
160.95352149197964,170.75136068781205,145.20151362239997,141.67260385163016,139.08626681420833,137.9025931301408,91.09588403271316,95.49339358544296,63.20888985822856,36,2,1,Excellent,LOW
101.07860845540638,103.56688841663058,168.115131225048,172.10193118365424,122.33628100125993,123.88351508401675,135.0716280570112,139.43554975775507,84.98456192458127,36,9,2,Good,MEDIUM
143.57127849161344,150.6463656246511,149.46152358458943,147.9850930390014,133.73252774900993,136.54709421218263,164.331161601237,164.96779738256544,73.6762111242196,20,4,2,Good,MEDIUM
133.22945217478158,137.79287415726822,153.0583450626955,153.00286729751636,176.39590751818935,179.01387747847417,156.62655214952605,156.6498863361878,74.49725290463317,37,17,3,Good,MEDIUM
170.6268989993523,170.63241760338425,164.54419882754115,160.7138799711479,161.82814835350854,156.5814173516414,102.49652549492976,105.9670538305543,85.43761307306843,19,0,2,Good,MEDIUM
115.31249193761822,115.68481142777601,152.64555351338055,151.042614506552,176.92466370898265,177.6009538268034,91.99729776960457,90.39446053967228,66.85736706842171,30,11,3,Poor,HIGH
160.21082011183753,160.3848787864114,154.42478163299526,156.0992001765508,144.1132319934438,145.07851973311094,112.1610019460783,107.55694561160027,96.85230048851902,26,7,3,Excellent,LOW
126.61934956577575,123.38960795989729,160.34234777700695,159.89533217891537,172.85838033837945,174.18615056504692,106.89854651783449,110.09526179745609,94.51987325435488,30,15,2,Excellent,LOW
155.3069564328008,158.8883781558512,179.86189499518014,177.96716180768414,121.80156031976357,122.81422127191549,167.8706095331857,171.15198558363554,78.6003807010571,36,13,3,Excellent,LOW
126.06303118188858,118.00220722846692,163.46543045809398,159.71118884064128,173.51358619539377,175.48820045661813,153.15275375308687,145.77043521179021,76.64872235381398,17,19,1,Excellent,LOW
120.14216255902319,113.33330949470314,169.91465986045932,168.52621280144078,139.5752350824688,135.51549585723023,100.37431825793882,97.32957271868092,70.25852244067065,32,3,0,Good,MEDIUM
122.6859271875945,123.48311642756276,133.82399777496565,134.68418729221702,179.2037460900509,177.24834671907985,156.34513873006074,155.23140719950533,88.267021347108,29,4,3,Excellent,LOW
143.55243134157138,138.8897449804167,161.1999242764491,161.2540492223514,136.4184250716463,133.03184007618086,126.76672457708985,126.66809545416388,72.25853872171281,38,9,0,Excellent,LOW
131.39554561887473,138.35095102628807,158.71437875451056,157.75065045615682,160.03274023165085,161.9610071409924,115.11003973779765,116.58497232706773,81.52090821455612,22,12,0,Excellent,LOW
157.38702466125747,147.21303192943557,162.8027510987852,168.76414401079552,153.57473126792053,157.93762561251987,99.3609379886357,104.52299966411793,91.98871654474878,31,6,3,Good,MEDIUM
131.2109025730455,134.9124949362324,174.49418632367434,174.58953102815912,169.07137833930176,175.9878374115799,131.03176444150475,131.32888141783613,94.7842432989911,37,3,3,Excellent,LOW
141.4496700832561,147.35740778772922,137.06117716865748,133.55783851485367,154.25264501036858,151.8971777034138,107.49678402588665,104.14773430168785,67.31351119475268,17,15,1,Excellent,LOW
145.28882369052084,151.53262288691712,148.55847580097657,154.6635739050743,167.13858621174762,165.91936985367667,148.3571015865331,151.31276347070784,82.92892777798366,20,19,0,Excellent,LOW
101.89280093861981,102.43441086855427,156.0976501739282,151.0923339122203,155.33598449673386,158.01638465723445,138.02251684224296,143.48578785249117,62.14057851652173,35,12,0,Good,MEDIUM
111.40364255683689,103.05553448242861,134.68882631285084,132.93497312087925,149.16782911289545,145.42180361373707,109.0517322932557,106.38061406738015,96.33738207517501,22,4,0,Excellent,LOW
157.93872145595532,161.3968410901185,168.02121558412358,172.57787532848158,150.77532988648593,152.21427694391576,120.0644012676869,120.73922631206771,88.32487339602501,33,12,2,Excellent,LOW
102.28477647317202,99.88731049781074,155.529037872978,152.19902715732022,156.90774843247198,156.99287018088822,130.10205157005834,133.6489810082765,62.009720392919284,35,0,0,Good,MEDIUM
132.86339599362583,131.71360591602442,131.24858310585248,132.1105698190615,146.94232607580756,144.66299436285252,138.66556000062172,139.98359494291375,71.24199000667556,27,0,2,Good,MEDIUM
160.10843321672152,165.82490129092565,136.27431483995753,134.42946352551252,166.36628517990476,169.38261786106665,135.2625243872797,130.7894277690186,97.1657886884675,21,17,1,Excellent,LOW
101.43666141634397,101.82893157449975,168.76220259174747,172.6498179373365,134.06553600069088,133.28674681622417,166.91938596592897,166.66263325749497,86.71471626803253,34,6,3,Good,MEDIUM
144.7969315265102,140.41519769733185,144.78272708062426,146.42094762003558,157.17695561669535,157.82087140541134,118.0330600008158,128.1671246622019,96.5172401909876,19,12,3,Excellent,LOW
150.85853732156565,142.61574326291,151.78223952282548,153.51926262327328,167.66884907121036,164.84869915065173,115.05305614638218,113.30401852487138,93.98136861951605,25,17,3,Excellent,LOW
162.5928842691721,165.1548034499754,133.09042303446114,132.5189137164677,125.5416316866827,126.83785979956895,102.0377816804798,97.44701612121713,98.72305525802935,17,2,1,Excellent,LOW
100.37699144573523,95.12253086141897,138.85962505055954,141.42105073748675,137.65600419822687,136.87328996271907,159.19700840921615,165.11190284708772,69.97832817172929,30,1,2,Poor,HIGH
166.34401661722103,170.8864972059528,143.5816590637185,140.2627785264836,131.436589984467,129.32067915221094,124.39660958238574,120.17037901134472,93.23796684220274,37,0,3,Good,MEDIUM
121.59590070069943,113.94688079902032,159.8040977619153,159.59819562365888,146.03063537131464,149.67608626001353,117.51661492461484,117.93963008970077,89.32000428890493,19,17,0,Excellent,LOW
161.57357629743558,169.21125090660956,174.91932332920175,177.34899129418508,143.9711270752161,145.83799201123682,98.35636144801211,100.38182935811713,83.07429524530801,38,4,3,Excellent,LOW
106.91259688543242,101.21426232650805,174.78489815996863,176.1132547359342,167.0100048507154,170.55812893924704,159.07725842731708,165.1363866120937,68.92248246171027,22,12,2,Poor,HIGH
156.11206197907643,149.84274536497833,151.17739579959482,152.3124373864166,167.6142392723281,165.31605136779257,99.25610545442417,97.5766516100789,61.09000047803261,16,7,0,Excellent,LOW
146.04777297439244,147.991918132063,147.9604373491345,143.31852538231942,169.41313359670914,169.03858884175247,118.06552874680125,123.36871533697001,74.50239186236378,30,16,0,Excellent,LOW
141.79829314857312,142.92944793450783,147.9167328335837,147.04460060352403,174.7735466841945,169.61448435713427,101.16790938878401,102.23585733089462,83.05889750231016,28,16,2,Excellent,LOW
122.74644181369622,123.50813737339645,156.57860763433655,157.92626379819166,121.95954364706975,112.00623423341779,102.8975049580098,100.26451130867441,86.25638414002628,33,3,0,Excellent,LOW
169.607637663234,167.84778601360767,141.95712727172616,143.6062255266592,150.73802081322484,154.86549274336414,108.51840767303906,113.90162074249054,87.25412052965396,31,11,3,Excellent,LOW
123.97390414690469,127.62383770509435,178.11307233045784,177.68919314083956,146.64691478977994,147.47875851250149,133.02263477931012,139.59173900947187,71.12398060265426,30,14,1,Excellent,LOW
113.63341504130214,114.90322808630285,132.09576083581288,131.09717962266535,145.1509725541273,139.09309131740423,130.19418297331012,131.48055581866709,89.25945438812462,24,6,0,Excellent,LOW
162.7373867963525,162.53625489890248,148.98083822258351,147.0634676551676,138.99520559451906,136.98731876506028,115.1860663481319,114.13304702707738,61.722096108626744,36,6,3,Good,MEDIUM
133.29278742399336,134.50203264458392,130.402955167106,132.66143680853142,176.5904893776771,175.0035094616996,151.45025427047057,150.38715148465346,80.01909263466872,25,17,2,Excellent,LOW
136.3015429382053,128.4971354820508,158.65211003095078,159.08287384046625,139.5126717765727,139.13483691880467,148.2696683471717,149.94810823526817,73.832243936417,37,5,2,Good,MEDIUM
171.00671835191804,176.3933972469375,143.29642253160594,141.8733862058955,179.4199382276189,179.71367630458337,142.76047853210616,141.41496387966455,87.52182228296516,32,8,0,Excellent,LOW
113.58874592875621,108.41617975372162,145.36082085106355,147.07799178459058,152.78751250368745,148.14037712803798,103.67491219366786,102.54235660669279,76.72579152651198,25,13,1,Excellent,LOW
106.30957466945371,102.94769092670998,130.8296240316299,130.15538717008494,159.70312095863738,155.1724447511298,108.70502664744512,110.08244972459696,60.94831014578074,36,12,2,Poor,HIGH
110.15946525960182,112.1242959212498,176.32318989780924,175.2491017585683,145.17764296840863,137.54021861837947,92.29219420621236,97.56540350562304,83.33009569250227,21,11,2,Good,MEDIUM
122.98246170275287,123.36977441239094,149.88422072165272,148.37268046317809,178.42802480142896,171.4927193834943,146.755109170718,148.1189199316045,70.85968010170845,22,14,2,Good,MEDIUM
141.2401422082154,140.8437650072503,171.61817698304975,169.80971501569786,168.33892832180052,165.50842474251243,155.38442497705893,152.53572952035475,97.21593680677302,31,3,3,Excellent,LOW
103.79193909696542,98.02456139296658,143.98729838845355,146.5592906851354,139.91989765426592,143.28591637352991,150.72695460445107,152.2054360218084,89.1011692090038,30,3,2,Good,MEDIUM
139.74554401976746,140.75421342166976,170.2716164649993,166.71340877080107,165.60965578740954,164.92186404776444,111.45394941959307,110.77527678446819,74.44298905364148,37,15,1,Excellent,LOW
104.25103241243765,103.8645377323781,164.85818460689902,163.61028382305693,131.60612057738896,126.33759289760262,160.8868887050813,163.99100036045522,95.82759777066465,19,8,2,Good,MEDIUM
108.33528604990093,111.78501968812236,169.52602551358368,170.54754979180976,128.46645564128107,124.65029909910363,93.6235714890462,94.06460795900183,86.25543437539069,26,4,1,Excellent,LOW
150.34531189218495,148.8385101725707,179.62908977438818,179.0101453635302,129.37209047583596,131.79298527990898,136.22456402008677,140.68629720961133,94.64406181511339,34,1,2,Good,MEDIUM
130.83928569021182,123.49499774020167,158.2115908342268,155.85811890450046,171.03447168090696,174.74665196492973,134.49525541040094,136.66656881548366,91.18066805696253,30,17,3,Excellent,LOW
103.0104144314025,99.20114890844731,168.26816819290204,166.23718277752644,135.1815804552152,138.78317480879545,115.94635018812144,117.75125146539547,87.05934998082418,32,1,0,Good,MEDIUM
151.18993446532912,144.30815202438225,143.79613471902735,149.27917766787644,166.11487985479212,169.03051647704325,108.66662581194613,104.51756284809522,85.01320679817816,24,9,2,Excellent,LOW
104.49574756459812,105.63075165924413,172.47232031128678,169.50870028858452,122.69980927412546,119.31240540962399,128.2822695935618,133.28074521474846,97.15438199382262,23,8,3,Good,MEDIUM
102.088293068306,106.86917575439286,172.1007830753372,173.5353898610425,148.96280838461607,151.72042813173712,147.94036219993066,152.36691333680304,79.70396020887256,17,13,1,Excellent,LOW
103.7812580201657,104.52009991929003,158.19597833778118,161.00972495031314,150.01671211246563,143.34231507695284,163.38144532621445,167.61635944574996,76.2636214943789,39,5,3,Good,MEDIUM
174.35901758820938,177.88351014532748,179.72076337794368,181.82639072186745,156.32887503155672,159.8235137391339,139.1588622009305,137.1698063343858,83.24781694883826,38,12,2,Excellent,LOW
106.12504568950722,105.23240715278365,136.38873263949952,138.0195564219399,146.54199198614512,146.8876936612899,162.21644083562848,161.35974268708648,93.49052028554036,22,13,3,Good,MEDIUM
161.0075861743198,160.71220246566162,154.9485558456883,157.33828236827532,139.09572248314356,140.24767286285285,113.06012617338948,116.19445844757865,71.95131484217006,26,0,0,Good,MEDIUM
153.41027844104536,148.22023988111644,130.64487348947628,128.37130490145864,152.41796440569,154.8515954208869,96.80451083913928,107.86842929689635,81.954912061704,37,1,0,Excellent,LOW
174.16266485418734,172.00165284084426,154.00236886550428,149.96487351187702,128.2809292212031,128.0188711849682,97.01198689557226,98.32343145857537,62.63247042762306,35,13,2,Good,MEDIUM
160.93553657831288,156.107449986884,150.13518604972802,146.9092488705803,160.35043576041895,155.73703371803512,100.65679393093029,105.20605210038921,85.29585025862033,18,4,2,Excellent,LOW
108.96714983140423,102.6563414648728,170.20478348167964,171.61821473096592,145.55626250801637,148.27431152433402,151.39990644725643,155.78673216861694,72.30119181961825,30,12,1,Good,MEDIUM
117.44059987156413,118.56104091575047,156.1781789764928,151.6685131732542,136.93574822477598,132.70751955391287,151.720964959879,147.8777791165287,86.07603462249843,31,6,2,Good,MEDIUM
143.91907629044593,137.72323419023203,161.8887070922796,162.66263503594314,169.20405012333896,169.19443475966355,145.1448329682152,142.787746361058,70.09247708278748,21,16,1,Excellent,LOW
111.54396323371788,111.698330684647,136.78441588961397,138.01796236836682,173.61811520076802,170.82084236945738,165.3261482187147,169.97598136508392,81.1885586443347,36,15,0,Excellent,LOW
173.13849819816312,171.07866116088036,178.32737582760413,180.94060301414092,157.6871718746143,158.49976868097914,114.57911694781764,116.56621924288528,74.80098096571264,24,12,2,Good,MEDIUM
123.84869135052512,116.54097716461378,170.78847023175535,173.61917087745758,148.00368562607702,147.99909846977516,98.50698378785818,95.61871181587567,64.56559877238529,35,12,2,Poor,HIGH
133.90649476085244,139.9598727694103,152.87215279349442,157.31670017201918,143.81687837605756,134.7173313207681,148.43939819858394,143.66522910084382,65.41421739893136,32,8,1,Excellent,LOW
135.80621421102654,141.60992440414338,150.07308895445215,155.4946788853658,140.28506456197567,139.16582319246766,103.01286520843881,99.15471402879804,89.37462705968873,26,3,0,Excellent,LOW
103.14730550827257,100.07006541030482,135.82389248366687,135.03990530531246,135.25567388669188,136.34573718997552,144.27135084024104,136.83223262835742,83.71083763480739,33,15,2,Good,MEDIUM
111.3584141451518,119.24858285231103,134.0307702584801,129.8728064312831,176.37411534150993,178.39647230885345,156.27509367511925,162.2315461084324,63.20747027248453,26,1,3,Poor,HIGH
168.68411795905953,163.1163329962469,139.7598582285941,136.72673293476467,160.70947011903488,156.7769815807075,138.26673569696277,131.79151446153205,92.0673717276522,34,4,1,Excellent,LOW
143.54839194322255,144.2954401626155,154.06389756096183,155.48188672919198,168.58050217595337,166.22086498449033,100.57437262030975,103.95150553269941,77.5942255885534,35,6,0,Excellent,LOW
108.73441978612844,107.8524751694588,152.96657204002713,152.17272792991074,165.12772197261427,164.06915122741137,105.9529278206828,100.50061444109203,70.57887266668763,17,1,3,Poor,HIGH
170.1533620980338,160.41665655466343,130.72835773756395,126.19766700131326,134.84398482350076,134.39990932907213,123.20999516277769,123.69501389519341,60.57323623468005,32,8,1,Excellent,LOW
113.86287984602687,114.44496463709983,168.18461346751604,166.34224577249108,151.4040822553205,154.1856921535217,96.40845812876817,91.84442408975723,77.67334819207818,30,2,2,Good,MEDIUM
155.6720153627697,157.89177616103908,149.25513014115148,144.90936073360277,171.28834672795568,167.9726362759361,127.9547914896588,125.46798526470326,60.293366033447214,18,12,3,Good,MEDIUM
143.03993872578224,147.09376201274665,157.89368378300367,158.42464271736884,177.58746122429102,186.0021536365379,93.6468126358935,96.03240091236411,97.83883559382397,29,7,3,Excellent,LOW
133.86741899541812,136.4480954969094,164.0279080889551,166.26288234779733,129.96449114001084,130.59999962397544,148.30289778052608,146.83381895310922,61.87891964392559,28,10,1,Excellent,LOW
121.44254003284018,117.59378331291744,132.77079442211223,134.27813622229925,139.86878934984898,137.98614390293778,142.23783375263514,148.0386042751739,83.18476388912546,19,13,0,Excellent,LOW
107.38181418260265,107.82337273903345,166.43281421183013,167.95507699533,138.92182459596705,133.34650042071536,97.75725367723398,95.4927393228037,67.16126549766335,30,17,1,Good,MEDIUM
144.07727637156594,142.7714608153632,169.08162790266235,166.82207552945135,146.22309131053126,152.08891421516086,157.5004035189835,162.58206936130836,72.99691177626565,29,13,1,Excellent,LOW
154.7682500768401,163.99633374465455,166.9841448881554,166.44781963680668,156.73654594163236,154.3178976716515,148.5249695648907,151.82787501667943,74.88480860966794,35,16,0,Excellent,LOW
151.90379147798086,150.9030401451522,157.42942075273442,154.21954028295667,144.16436908480983,144.79340283195103,100.81738509702838,100.84223051951552,87.01824181345702,28,13,3,Excellent,LOW
111.90525725307322,109.57812911950501,163.46095149624333,159.93931160301642,149.02815239163883,141.70142340281473,137.50245055547617,133.2972109089188,83.02373714560328,16,6,2,Good,MEDIUM
123.62578803875684,121.47889559842473,153.65137516715103,155.79970726139433,122.59891639525871,118.42906992753377,149.5789382263368,154.4846268844716,76.49612241871465,36,7,3,Excellent,LOW
109.78784197280798,102.34810252550156,175.59797920998164,173.7819429998498,123.65572330324319,119.94223662395432,115.52360594657918,117.79463425492345,76.62056252248263,26,5,1,Excellent,LOW
101.79596989528626,104.35814163558535,138.72046335557496,139.0896979605435,148.2989694450357,149.23011641679636,134.04253444769805,131.01547853963433,76.2946209685133,28,2,1,Excellent,LOW
148.15648805142993,147.98181997246886,136.08476533633362,130.7177970979426,155.2856182563268,159.36398550844999,154.67159058432185,148.76380134574046,84.46585677559969,37,18,0,Excellent,LOW
142.90922227916548,140.6204459979917,139.93222884487028,137.56219043862706,134.81142165574397,136.90166933924527,137.03933035710662,129.7000982385684,77.05998988967444,24,15,2,Excellent,LOW
106.584117779362,106.86913277900557,140.69973393491568,136.8192110593034,136.99706420955465,141.9554002353209,91.10897087302881,89.52405216062176,85.9751528094649,24,12,0,Excellent,LOW
122.01510943439953,118.55622089632318,157.87024821570935,154.24003605540574,162.42091765635544,166.6788486707897,160.873119639794,163.1225928062607,92.64316169373404,19,9,0,Excellent,LOW
154.0118095698205,156.60979902925746,132.46104572703808,131.36928754656918,133.86485117246977,132.758307695824,107.65208476973987,109.45565027058993,65.52501172560989,28,3,3,Good,MEDIUM
131.21970855159304,134.01578978592863,132.01444728672712,131.28391591902144,150.7328824606231,152.63396835651105,139.6297001698977,140.4244849074233,92.1502094404705,36,13,1,Excellent,LOW
158.64181847476672,161.68229197979215,178.28194876334,181.44518509999824,143.61332016637894,145.14118599647531,148.3447840381765,145.0589059220579,83.0024229383526,25,5,2,Excellent,LOW
123.41423024268471,131.0052983096686,167.26073713454173,164.41705898273477,133.93348145408058,127.76227539324199,105.89052910894952,103.35950898940936,91.33548879983354,39,8,3,Excellent,LOW
159.62935132045985,164.10465393528554,137.15806789055966,134.92708305045937,159.4629688365572,158.7023370616023,153.03761068727454,153.26458095592275,96.12992420380522,37,7,2,Excellent,LOW
118.64048656955694,122.60144038437767,173.77443251979483,172.01353545851785,138.14797904768818,135.88805140355987,145.2258277520583,146.91867724988637,97.80096258322274,38,16,1,Excellent,LOW
148.429378251329,144.2439587578475,145.60320223260103,145.6905103575761,168.14376183321795,167.6281650967452,142.9850990984576,144.34771564410616,90.07300583826725,23,18,3,Excellent,LOW
121.70806712261562,124.23293592459639,179.32815570572052,181.09673084425054,155.87039921074108,156.7921547615831,139.99837987008283,137.37421291084692,85.53402309681726,28,7,2,Excellent,LOW
153.8098742958934,158.57670428432166,149.16985705291296,148.91870317336532,130.09671531046277,130.81149417770467,105.13566339122839,110.05252252841659,88.81535994345782,24,16,2,Excellent,LOW
159.4797271277992,158.87786952850692,153.43949402533954,155.44247640328032,162.3381237821389,159.21430301467512,138.96068239675643,137.26558057432445,72.25203987550151,33,14,2,Good,MEDIUM
172.1062464731537,176.36693433601124,143.52796282439957,147.8858130608581,134.92750732435061,134.36600708872928,152.04042373751994,153.27087441027672,75.72487192828316,35,16,0,Excellent,LOW
173.18341139116995,167.43977329569586,147.2045808924721,143.2571334431896,151.2326302382915,155.2831798768678,130.44166333787922,129.80904796038993,80.31031352754275,21,13,3,Excellent,LOW
129.7566292341647,119.27965832649714,173.45874287015437,169.267536109223,151.80374730310393,142.09493427239087,155.4098702643589,151.92830372934426,95.80226415999333,33,16,2,Poor,HIGH
134.35214624379014,137.78420302499873,155.64373711526338,153.15914829636768,139.25127256499061,142.4239753178653,117.6013471939653,117.11311866548019,62.189308276999434,23,8,0,Excellent,LOW
164.65571069324477,165.17144745823603,155.64896749104537,152.81320951681295,136.88357893032978,139.08915712869538,148.62873498654648,151.43950452582155,95.04769913078223,22,0,2,Good,MEDIUM
132.29018656847776,132.4257897049796,147.44159537293152,144.31605273660992,142.48949546099988,148.31181873495728,98.84828790985287,102.07813525230264,61.423609232259054,21,15,1,Excellent,LOW
104.03728936813442,109.04865990584436,147.06222248788603,145.7175486389856,146.65100441270198,147.06475692993442,158.91565488170593,167.08395904228092,94.64142700183027,34,1,1,Good,MEDIUM
102.82732936861396,100.48642538547998,158.12146870589604,161.13843398512583,136.76671843913417,138.11306524482328,121.89139953704512,122.87546339374926,94.51689574043957,36,13,0,Excellent,LOW
100.5236696410261,94.83905708044362,170.94346352602358,169.39205228467728,140.23983653074592,135.98467806633778,108.68538888548888,105.52599912929186,62.727464790618505,34,2,1,Good,MEDIUM
128.26501602603915,119.96266398972502,135.3400352001182,135.0818261217455,177.2041727629257,176.60289092183822,113.84529609360033,112.53851124085487,72.8160514456086,30,13,3,Poor,HIGH
109.18733964744919,105.62247185528159,133.52678187964784,134.48567990740028,174.5657702211526,176.5057753872455,133.57046968857088,131.69918095724182,63.11426078435078,34,0,2,Poor,HIGH
155.34103113765568,154.60905745042888,154.14256372050525,150.83563529778138,132.7371385001155,131.3707868140806,154.2385041047283,154.2454415316981,99.2317522165834,36,6,3,Excellent,LOW
121.67263936907939,116.11846915375455,157.22776623273379,152.42695291922266,129.59278580198648,126.02163574001895,114.8246785683638,116.87913642528818,80.13380522424616,21,8,3,Good,MEDIUM
149.7521900511011,148.77808449436003,169.6564268981528,166.82483312688427,133.23052722819887,130.51330815073592,167.56927511234704,164.272190403079,89.38834281060103,19,12,2,Excellent,LOW
129.4163345075155,127.81673825899095,179.06287886956383,179.87076312730602,142.8969899465481,140.21652914473117,140.2135101727047,144.90038183156935,67.68064338960147,17,0,0,Good,MEDIUM
139.83321222531458,142.71061802247792,164.8280701072023,166.45496641511954,175.444379330741,176.4356244487991,143.71248581149894,148.84504703269127,97.05233107684785,25,6,1,Excellent,LOW
144.7350306560158,142.9626511601915,136.6134357549241,140.15871994190857,131.80129183876937,128.67610501147715,141.42360564050472,137.32363638522966,84.03781938150877,24,14,1,Excellent,LOW
161.79982389099837,161.20006101468192,170.0469360770715,165.74748063349736,130.80951886395715,135.99377111108274,92.02788834111507,87.59926107390527,87.60187553637799,16,10,1,Excellent,LOW
154.39653132659163,151.58919467463787,140.10746996126355,139.39562641799256,152.72942042969015,153.58865052119822,108.52792198111192,102.80384738879434,93.95695477904292,39,8,3,Excellent,LOW
169.4544669863699,172.10537029244696,157.3338632448656,154.9124432959276,173.06872365580554,179.2497523348245,105.63664002947199,115.29350927842692,66.64917448206634,20,12,1,Excellent,LOW
115.09478411008543,115.09762459634928,159.15639117264345,158.6300446834549,154.73791921774827,154.1603479439364,129.93591574730655,128.55225054490657,68.66316742508964,38,18,1,Good,MEDIUM
168.9406023290294,161.5654279951064,178.0775366068783,175.4065830628187,146.69114596965244,137.90663468525264,162.76387784097108,162.11538193905164,82.75821933127403,16,11,0,Excellent,LOW
123.4143912839791,126.87662507900806,171.64686961593304,173.6196650610465,179.14609497514448,180.97396443327835,117.1376238713427,122.38923448702184,81.78381794842997,39,0,0,Excellent,LOW
101.50174222991407,100.86677532283659,159.17107595092176,157.3196704256146,147.8522369371276,146.29725763630447,142.93630763850774,152.34271585200554,68.76504258683204,29,6,0,Good,MEDIUM
156.14565314363742,150.14958930180381,178.36355951851488,178.08802522551002,162.90750118901326,162.55775987390453,128.00802725533765,130.20130576555565,95.91820864740077,27,0,0,Excellent,LOW
146.3718099066091,150.94304846171931,155.54853715225312,159.26362564978345,145.725857466881,140.19411766561387,121.01561238712054,116.29199858083732,65.5347280355276,17,19,3,Good,MEDIUM
154.60873280021247,160.68360621107965,168.48733114285437,170.46250867862184,178.5246220610847,171.08283006138748,141.87716455201897,145.33413901095588,62.73762836970504,19,17,3,Good,MEDIUM
163.15801468626336,156.89551686070556,139.58681086951333,142.66456482667115,153.32983681017788,147.9189226589607,158.11245983131792,159.66218731765497,63.37057464623405,22,4,2,Good,MEDIUM
120.55902728644006,122.71435217760829,169.4511422274067,171.65937867643353,127.14639215260297,125.41821709270643,131.4461732158049,128.53694096472367,89.9206430679761,26,5,3,Excellent,LOW
169.64476611479787,166.12961856146944,143.25406421692864,146.50295252998598,161.7715470180654,167.02872706013642,98.11038739758908,98.63706513613063,91.67565295182916,34,0,3,Good,MEDIUM
104.29827325078651,106.48683995102841,165.58889724954747,163.0138311871892,173.90131651005993,169.90451768805582,99.71319244039778,100.59237938039018,88.84529429427295,21,7,0,Excellent,LOW
150.0014238919385,155.4516753027883,154.48929339941205,159.41113708987692,151.71939623935654,152.69092429195763,105.80447245427825,97.47607764152231,92.20697589441508,23,3,0,Excellent,LOW
128.91651733009854,133.57701228937907,167.4976840901204,167.56332805183436,168.30701107897067,167.32434997513306,113.03037424557446,116.47691289746305,88.98785017047298,21,11,1,Excellent,LOW
125.22425457027501,131.79776719349314,154.25089937620206,155.33284305050944,125.1241818097633,125.19624929794108,139.1348995455209,141.02542092889453,69.46439130830029,39,0,2,Good,MEDIUM
158.72501735104015,157.60459925432028,172.28336745493857,177.15128006904482,126.85422831548375,129.725402295979,120.23952309009225,118.09783558075885,99.24726235175369,26,1,0,Excellent,LOW
103.95579641216631,103.63952704470809,172.19967359710125,170.462301268194,135.74450258935812,133.67373229788126,125.92628113079007,125.57391615467378,83.10452322548535,37,17,1,Excellent,LOW
126.26490107674142,129.83389993975592,141.56788211297044,142.38326916836743,144.25449852642234,147.08268210295861,112.76803058437449,123.76261032231004,80.68837710774118,25,18,1,Excellent,LOW
134.17371620799082,140.65762007298838,144.0959177798626,143.7566767722039,139.0823767016712,142.57689070996932,138.82904062545256,138.70742955933056,81.85628296848529,28,18,0,Excellent,LOW
116.52393239664757,112.703977805101,167.5885393841489,167.6988140637972,174.37401116610832,175.27533872109953,158.8534257431108,165.53739260426522,87.7967351912603,20,6,1,Excellent,LOW
163.82139245551,162.7246824020523,167.30898192761362,167.0361974091426,168.12229621697213,168.6625837364193,105.35643511965806,100.44549375323997,88.76937676176587,24,13,1,Excellent,LOW
163.3728140230076,171.57111373750575,150.1186525361234,149.26101764754296,137.88041143162533,133.70384734219394,119.83998684534905,121.35839525249406,68.36148149543689,27,4,2,Good,MEDIUM
124.462769059619,119.76969083560328,179.232723879542,178.91834812885782,132.54584187537685,131.38569211695136,151.52489065277794,150.0783605583093,77.02022637087371,31,9,0,Excellent,LOW
100.65829089609471,94.6091885251304,131.86984952043986,129.17172713897588,150.32191539035577,157.1397335919324,139.69490577552665,134.7816161952031,64.8298654358672,17,13,1,Good,MEDIUM
156.3567488148477,157.0248968177531,148.17019659997135,149.4223819921731,176.29087035148336,172.64552913911498,146.06467344013922,141.18981212543972,90.61265198101545,34,9,2,Excellent,LOW
159.8498526414418,159.3211752188643,149.36115706051035,149.57799395666322,136.9659274236059,142.37021899325845,168.12941098520074,171.67417573953992,75.08807129830555,19,4,2,Excellent,LOW
148.02855599831807,149.85130411397682,157.12866634829777,159.11796408851828,159.2152062026652,161.7919656448154,129.13818037999354,122.87984827553937,65.33377869265482,33,14,3,Good,MEDIUM
117.12484392764581,116.54383875062585,153.7154332434215,152.75375449584294,130.08120313156073,125.44805914609671,94.59134749506188,87.86503909599212,83.33228992736818,25,6,1,Excellent,LOW
144.83560100511355,141.31258464670262,165.0548793682135,170.45105442326744,144.64389260946072,143.67164781393726,145.3376091307751,145.3467608753491,86.45370715778898,30,14,3,Excellent,LOW
123.30364962335855,127.94058622449538,153.34390495615523,153.4851200165789,141.5831917146162,148.72667621183265,125.48506763988021,126.67329072584785,97.55507900569091,27,3,2,Excellent,LOW
152.2874690717763,149.22422915154144,157.48586275816555,157.38229735867162,145.02985673854212,144.03061713980514,156.11716875937464,157.39235552401038,82.3075476474181,30,15,0,Excellent,LOW
130.12726695698325,135.1053865996898,162.54166107807424,162.57190997871788,156.9038777914687,157.11754771510687,147.23048137429242,141.97652484752993,98.93043532121968,27,6,0,Excellent,LOW
112.46387497073118,114.30299730693244,147.1513356295012,146.62687453760958,179.28744455727812,173.97070402389858,161.29120734348075,161.04645359236466,78.41421492539308,21,18,0,Excellent,LOW
107.25209198406753,103.3634823912569,139.21506984750496,142.1620282957713,122.36171278918377,121.970389540784,138.47174521435863,134.03997853069865,77.13407202275386,34,3,1,Excellent,LOW
100.788491840624,102.371687235463,151.64199605285862,152.43264848872298,152.1325483858679,142.5848289050852,160.99396282962883,159.01045014158822,95.75734042679963,36,15,3,Good,MEDIUM
169.8248964784438,170.09096957428653,174.5220474000543,172.62586512639314,135.76325661367818,127.72932174910417,166.17151336610812,164.90235910345282,92.94582379012363,16,0,0,Excellent,LOW
104.12247301298666,100.94732691691078,137.72604149952593,138.17411010392328,146.37377650637393,139.55430209945146,115.31657046995329,115.61230161807529,63.47868081023732,36,15,2,Poor,HIGH
129.468200170367,126.26516995946213,169.70911726585916,165.91584250700646,157.5129675018863,158.22758942593794,135.6145305403755,137.3548681322406,84.40784035943338,35,8,0,Excellent,LOW
101.80309280248284,109.51658706571851,167.43492392195776,168.48358022683294,132.7885271588362,134.57834932736807,97.75830100128763,96.52669163220523,62.228273444609805,20,11,3,Poor,HIGH
145.24340670130223,146.22025031148925,164.7485066560738,160.18511680099007,150.91002170319533,156.05652494360945,103.63700092653136,101.19706244045719,75.38063254825066,30,8,2,Excellent,LOW
102.42918533319963,103.1387020168575,169.8322434507569,163.53262375409975,140.27889302819017,136.6771761263322,150.0478765395301,152.41628438370267,69.4398642363695,22,17,3,Poor,HIGH
172.52263859637367,176.82401220420127,136.972511810258,137.60451720586732,154.15238778776566,155.08777989092405,147.44113425016013,151.58290791582792,74.88174271248829,33,5,2,Good,MEDIUM
129.5859543129143,128.06196868918076,178.3367113767554,179.9755322054284,177.48828718826977,174.48684307410252,161.64445926991078,156.65940321417307,98.6648888358443,27,1,2,Good,MEDIUM
112.97679023133733,110.67699040978982,141.51596123414387,140.4586266368158,126.38470577417067,125.29399364785027,149.78380460478854,150.75585203282733,61.91655471653335,25,4,3,Poor,HIGH
114.4193438851069,109.13564266085369,158.827249497557,152.4562004455825,179.0004461048536,182.11656557537412,147.27877548333794,142.83707248632817,84.29297667172264,38,6,2,Good,MEDIUM
100.58249816154765,101.90329285821002,143.91338304093847,143.89728062375804,143.72509621454267,147.5616279358446,123.39132992048803,125.67269842771347,72.3867548160517,18,9,2,Poor,HIGH
105.44991906858675,103.18387508766087,161.01174244805603,157.6511921319944,152.6880651165659,151.1591561623013,109.10014168688193,106.3781579121819,68.54171417961365,20,9,0,Good,MEDIUM
116.3089699162927,111.07949078736884,178.8228264717705,174.02921006828598,177.27998141274412,174.75988149460855,95.44298512733357,98.37080713737295,72.676165508825,39,11,0,Good,MEDIUM
158.3295932550845,158.73633483687368,147.98377806115337,148.30073953623156,161.23406060764097,159.64847852693515,146.1252212482354,145.44936042158534,60.39310210279152,35,1,3,Good,MEDIUM
113.20185662808504,112.54182718261967,136.85264014140776,140.1006906923588,171.7326853993163,176.29393905932673,126.63705715916284,136.632526703826,75.87157301658337,37,15,3,Good,MEDIUM
120.59994023409291,112.34632762417509,158.96567013942305,158.01361866269545,173.34003664887996,181.1334072280392,131.49982776917676,135.60026437950387,62.046620257819036,26,12,2,Poor,HIGH
122.23336658081149,120.43424016510372,152.30852189063484,152.76850787704637,153.23876923320483,151.6080587869069,103.08430356241499,95.75026538644761,72.16495397872144,29,5,1,Excellent,LOW
160.5967996081764,158.9562946274374,162.19539785338824,163.04882474178166,170.05948774496392,177.4953985227376,126.6690783541045,130.59779430117126,81.1482927953621,22,17,1,Excellent,LOW
106.3951256208758,106.38520629638316,144.8268794810131,148.17544367431464,135.90679502490892,134.78277376878864,136.80281349749293,136.01054750739382,79.54169865761028,17,12,0,Excellent,LOW
120.0358052402987,119.50371771773834,136.4543097571231,139.00191668490976,164.53792540403666,159.02155583171813,139.72149792272387,144.005830245636,68.79447825475907,22,9,2,Poor,HIGH
119.50360301893254,121.80722076666189,160.5188029890846,160.07050853105133,170.09842714097775,167.6050244198167,148.87363250991592,150.2271686171605,71.00395526236498,34,6,3,Poor,HIGH
134.80003211473198,136.67433239454783,162.71102310145065,166.66066161800472,179.89199445993705,172.9343865721901,91.73164490775869,87.52172459977304,63.67110425884703,30,17,2,Good,MEDIUM
148.55066007798183,149.95982185464698,179.1241290300624,176.50881696593765,174.7091141723668,172.54307817058185,118.98347920001639,118.6968916567698,93.0556124640222,27,9,0,Excellent,LOW
164.37478238356937,170.29472803629199,177.3440098170512,176.77583248951908,136.51020674928407,139.2091209335381,117.05847738538279,116.42021625741458,96.55505161287185,18,9,0,Excellent,LOW
126.6462980677692,131.145646308232,165.7661155264568,169.56245208613174,136.08859377671524,133.0428747590129,142.440797747689,140.94266871013988,61.5918850934261,20,2,3,Good,MEDIUM
153.68019448080963,158.0812408937335,166.8413227875752,166.78751634584978,150.0624142190762,145.7582431012816,165.01291684932738,165.8761947422018,74.07719082927107,16,6,3,Good,MEDIUM
125.04268536449155,127.92238339158398,131.24920411409246,127.19924597454748,163.24350672160074,173.10035648559762,140.5504127397508,141.85747065039683,81.08200625970255,24,14,1,Excellent,LOW
156.7484912014299,151.6536215985281,139.41160998845228,140.41667387585858,131.05491909436046,131.55109956806734,157.22785420708067,154.72431608347472,60.69992855949555,31,5,2,Good,MEDIUM
161.46217640395392,156.83370992910085,159.8173248748388,155.81793981050538,136.4527733474488,141.20716063979685,149.33473031934585,156.73217888489137,87.0092335024815,22,9,3,Excellent,LOW
121.28484572811618,116.89924027009573,167.96194898284975,171.24567644421273,157.18487126949395,157.28434520555913,117.46407753565927,114.18902110681519,73.14282530929177,21,5,0,Good,MEDIUM
158.6096566566032,161.9928681468549,132.8106952729939,134.35288293026824,164.8512382047903,163.0065592766518,141.23578191946024,144.2620406191128,72.56648255347889,16,19,0,Excellent,LOW
143.4844632874716,145.56641466656853,138.7945141709331,136.34073014187027,134.12299571390145,137.57878226298092,106.93714977183767,106.8902557590009,65.76960084472414,18,3,3,Good,MEDIUM
115.60795259472796,112.32902410748683,174.75382795809224,177.2838182876766,154.43574816737893,158.5372944255548,129.4725360330716,127.63287872452891,96.46531654833902,20,2,0,Excellent,LOW
173.80670979748857,169.6838580724241,147.72741044143038,144.59656721102346,153.8756448774193,155.13277589771144,111.25484518930108,110.50509728805763,95.83262926240778,20,15,2,Excellent,LOW
115.42161157745058,110.12086236082258,157.28343324843175,158.91554681875309,161.03850779490847,161.40999740220252,127.52477955120952,122.01494992310802,62.84149685613365,37,3,0,Good,MEDIUM
143.09366481639097,152.6876592431639,135.36111971042436,143.3834313878824,145.40892055495996,152.15413485177143,157.20150655365586,155.82634600389483,81.79929112400072,19,3,3,Good,MEDIUM
161.61034395821432,166.99691768395223,156.8637836834019,153.08014812784495,160.62745580895384,164.76301896522742,111.28810948298468,117.15639602315794,61.56025683051273,36,16,3,Good,MEDIUM
138.28901959741336,137.37850255147416,147.08744211629636,143.82439648668333,131.00541860987735,130.94805976998472,144.85213994121594,143.99449249438916,69.05109336575228,30,18,3,Good,MEDIUM
120.62685793658483,122.64632254929603,170.85535495833807,169.6830797191445,146.90078823147803,140.85956921359704,96.2641336383646,96.03380557216971,82.93727301422643,25,9,2,Excellent,LOW
113.10859636562003,114.58944392538699,142.64187003451445,144.39481253382039,124.03707677529087,125.67927711660134,140.65429399166177,139.73001608183105,88.84218643591487,30,5,3,Good,MEDIUM
159.35221893421644,154.6832246962385,152.88719085831067,156.04158081533504,125.73354623750011,129.00876134044915,104.18810893277943,104.81993934390324,60.28171658496567,21,12,3,Good,MEDIUM
131.0279523932523,126.58059949830485,134.19812817233634,136.46513373427675,166.2012737073497,164.17268273626107,148.74800282682367,148.02730860068334,80.86933675412982,33,11,0,Excellent,LOW
161.1966842061405,158.19925344844938,147.11127623894524,146.44666644619403,178.8830000544768,174.17515160339693,103.3230810797816,110.60525671154886,99.44707189134779,38,8,1,Excellent,LOW
105.25515217908921,108.15726567124115,154.8371714002992,155.24718701378785,170.57672894737183,177.68107806889208,148.54981898292007,146.70671892799345,66.95854823613355,17,4,1,Good,MEDIUM
105.30224561382747,107.48539246795688,179.81122465223194,173.2965104379506,148.47201375734645,147.36183673208424,153.7112578095767,158.8763531656402,83.81659206480434,25,11,0,Excellent,LOW
153.62146176638328,154.96356666888212,137.72078787696066,137.10439281807447,157.6062311650333,157.89065344220901,112.17154814986878,111.23904312736376,77.9870790873488,26,7,1,Excellent,LOW
112.18832989730922,111.12584261018706,168.11806068535864,171.22760743587196,128.6325693233868,123.94770462987772,131.4412279126816,140.5369920673904,60.29852561668878,22,8,0,Good,MEDIUM
133.20202764755768,129.6527098121346,170.65710022408626,172.97248875579325,155.30587442720713,152.6371180880971,140.24243716556296,137.31056156906791,93.19758372849773,20,14,0,Excellent,LOW
102.18774192180575,99.57455801036818,165.05721099833266,165.2379840303301,123.34367914205907,124.37933013223018,130.59118120681256,132.70124126983498,77.660156931247,32,5,1,Excellent,LOW
168.756700233906,167.854074711057,165.9349632986398,170.10203638752807,155.1741299268457,149.6031880381777,127.11490107639128,126.97669858057542,69.83274348090299,21,13,1,Excellent,LOW
134.73995772316903,137.7217378823079,161.85429444273578,161.786561623244,173.92006209315983,169.2404899906587,164.39484752592685,163.8142970491736,78.34820462670153,25,8,2,Excellent,LOW
135.12254435922887,133.82850748089433,172.75826724857365,172.51562852990025,141.52534572127644,147.18252614529413,124.38757357945244,127.83921655128529,72.25769346200971,27,4,2,Good,MEDIUM
118.40908469041977,122.13416307440207,163.67098644557163,165.86671616408873,156.86996761531157,152.17367108887566,169.04111696523373,165.88642924062827,75.57559118667494,19,10,2,Good,MEDIUM
160.04020788450606,161.63161591558332,132.07799241361292,135.12788143827186,132.40786056264864,131.59256806216635,98.29093811846364,100.87933169168687,88.09621463464808,34,1,3,Good,MEDIUM
100.53188595807782,104.33711093527576,137.33041501800017,138.91110878899755,129.57998096202905,131.62061083768978,93.58884461021736,98.67912526193165,84.90187961849126,33,8,1,Excellent,LOW
157.729856372266,156.1361117348709,177.35764680031775,181.08758347485326,144.38776307712433,144.01854150192125,161.80258612176672,168.02781567568783,96.31044974600715,23,19,2,Excellent,LOW
161.9151131140312,159.48171005531384,170.25596043773325,172.03355135968653,171.00796408110222,171.33307776932702,93.98881171193314,93.83723938506581,65.99637012988559,39,0,2,Good,MEDIUM
148.38625624756776,148.53676154294783,176.61334419604862,175.7928412506487,159.95682996482785,151.82482702214764,129.91743553766344,138.36683437560646,62.888527413407516,33,1,0,Good,MEDIUM
157.3861637395948,152.63031006145494,162.4128477038911,162.26320724150673,130.34318172630998,131.50697118366793,102.57631068455635,106.40766920898942,98.49352229924827,27,4,1,Excellent,LOW
147.01246783113004,150.0858038002913,170.89110367830955,169.01790883754882,178.7368413512797,166.33815926014663,150.27804843571846,150.79266022753532,65.29882625367706,33,19,3,Good,MEDIUM
161.1261487507111,157.59416785670757,130.03137583142282,126.90998451956499,177.78564785386814,178.24382255164156,96.32608167813186,97.04917863303521,77.90011558798032,23,17,2,Excellent,LOW
107.58742147098275,101.59839089026816,169.44569814829336,173.28851687829354,134.02142692952182,128.94143253994633,147.0928226489723,149.76818317115715,94.94712138242994,32,17,2,Good,MEDIUM
131.34129974632071,127.30633156473444,152.66337303775106,152.27847605433146,171.190548735468,168.1131045405559,105.33370550642195,105.9280504227542,78.98177400634225,26,16,1,Excellent,LOW
140.17667278420225,144.49080696845405,154.64913552290446,153.66592407210047,148.31415063387138,153.1488786772126,156.55532333504416,156.42026420945353,76.14079969760844,16,16,2,Excellent,LOW
117.87529079709978,117.60772703072088,146.70227742099797,151.06624685748565,126.40925957783944,122.87124728559935,126.85382333239946,124.77144662167764,72.28350973440995,31,6,3,Poor,HIGH
165.79823021447766,163.94773173427106,144.92465490374815,144.22858137249824,160.34171147593167,155.52333688428635,104.7548152467412,101.03627943803122,79.90065707497735,35,1,0,Excellent,LOW
153.1972095355576,152.9694477006584,168.79325326013935,167.7842381992358,140.32397734646588,134.76846930793383,149.35963129009377,150.55985859213894,62.091164130750386,29,6,1,Excellent,LOW
161.56894102097502,156.34154159115496,144.08986751982462,143.19340635754764,136.05162181490056,129.71887249902176,99.88531899212609,100.34322283130807,64.94763402455042,37,19,1,Excellent,LOW
109.5418665202758,109.4880207019332,152.67864048075873,155.27255203246762,122.28295069860546,123.14108840672232,106.16647488692166,113.15669451741472,64.40295040724229,26,10,2,Poor,HIGH
164.89709194007685,170.97158809790255,135.7577893701435,137.8170418714837,155.28756392807128,150.99380745164132,160.41237863282072,162.80777066256715,67.79986950084079,27,1,3,Good,MEDIUM
107.67491346505474,110.4172724502484,161.87012406046108,161.4451783024307,168.1095539925309,159.39670871360516,98.67202981732981,96.55416196330178,95.0373208874482,20,17,2,Good,MEDIUM
107.14367004796522,106.83978573013196,179.67890864096094,178.5614330013505,130.49303617169176,126.60207307716448,147.98295799667088,150.03973900766007,80.21414672951305,26,6,0,Excellent,LOW
155.75146716775095,153.04270621713778,171.80394503976405,173.05059726418673,129.2871620907667,125.10101270482431,119.78456788584381,116.46890214981899,70.18655063559848,29,7,0,Excellent,LOW
115.35395904624991,123.07840332170007,145.13115914643774,147.70809022456766,147.59890018068606,144.26893546776353,102.76319653507389,97.13730051893604,95.42237774342526,29,2,3,Good,MEDIUM
112.8110279729658,110.37900340121651,159.67482079109257,156.63138161097032,132.60706655641286,129.88154561613456,100.85012928058507,104.72143337668588,65.82514586821694,20,5,1,Good,MEDIUM
174.98869333648003,175.20285585894203,143.13348676652421,146.04831545627837,166.0367506509378,165.91533416348318,115.24427795544887,118.42066345528664,91.55780495739707,23,9,1,Excellent,LOW
109.24888683064692,102.49486607837292,168.64200417132517,165.28186190391554,168.19023069796387,166.6227236364164,119.86825288254653,115.79719564623872,66.0564177574434,17,6,2,Poor,HIGH
130.48139057516033,128.62111277890602,132.36124382473776,135.93684934366374,130.58638622822102,130.78134284433608,129.4624661870848,120.56638689763966,60.15839772048571,27,14,1,Excellent,LOW
172.90595016059177,171.18468678200998,150.97407425449097,147.95713629531514,143.44161222605692,138.97491595921633,107.68572422511934,110.28941285728322,89.16843794003412,24,15,2,Excellent,LOW
145.50371514775028,147.29329089602618,166.00556667574727,164.50186435237663,125.16814629294218,120.00590060515731,116.99816365703775,116.42512799558098,60.72324368822742,19,18,2,Good,MEDIUM
146.46869446203152,150.3468867295879,140.7731453637865,142.1872028362697,127.22890934630807,126.49343214704159,167.98080650689562,168.73373959770015,93.70152917594548,17,11,1,Excellent,LOW
164.76676022487322,167.65308380534384,177.04399531707423,176.18217784072786,160.25189322011437,157.96388346706183,156.8432179634966,164.8059220322566,98.46451033733132,23,4,1,Excellent,LOW
127.34248206398983,125.79979154007844,171.3433923586681,172.64690029694202,153.75932537416455,156.91900426288797,106.60091963079032,110.47919573380194,82.75250945735492,20,16,1,Excellent,LOW
140.15987122427157,139.15943738828892,167.2298487981538,165.6502008698915,177.86593077407883,173.5580285887568,143.76420324042897,147.9077418866433,88.08627060787614,17,13,1,Excellent,LOW
158.71927106931793,155.81147523324853,168.89547033742684,160.40712390423462,142.94179986369767,134.6526291190079,119.3872412221824,115.57956066126553,81.03786307605837,27,16,0,Excellent,LOW
139.31910404033025,134.5272383234612,143.87614024511964,146.5373795744585,176.00478762140727,178.26415705580777,141.81760435364896,148.3607955781922,61.17197772413674,39,18,0,Excellent,LOW
126.99943140842933,126.46501565801665,152.11677290251077,149.81488677894905,160.12025309387357,164.67472137968872,159.71908334059106,155.11512108454878,69.499441694488,26,3,2,Good,MEDIUM
131.6133386882718,137.47564422573063,175.01561197872454,173.58212684660234,159.88907944297625,161.12411226022184,140.83423365623776,137.9998685884849,92.23055673173326,35,15,2,Excellent,LOW
120.52497886910933,120.75345023131403,165.486854240051,166.34133007592192,120.44146977752487,118.21969060606487,135.53841696731584,135.62587993604473,96.83083398544301,31,7,0,Excellent,LOW
134.3653603939162,134.9866603907138,133.24496397692047,134.4394057722881,147.94353466004986,147.19983673625478,126.43724576050894,120.0396667117317,83.28579211258969,30,7,2,Excellent,LOW
104.5081417058797,105.32841520989928,139.6345547346484,141.8509442862491,156.38316701898316,157.54734315042975,147.4481390364818,155.46505413356343,83.25815791714497,20,15,1,Excellent,LOW
166.73772955662332,169.6006665213067,131.3920525631293,138.57513826487667,134.79938681068666,143.53976639083112,134.58014666547285,131.83328529345968,89.70543958726762,20,17,1,Excellent,LOW
106.61066825430942,112.64271734946853,164.6700426714522,163.10872571527585,179.43856423033074,179.37981857276324,116.36243310191973,109.15642111588743,77.62412456236699,25,16,3,Good,MEDIUM
166.18308935106865,167.54973027887914,132.98811370891923,132.17416877471433,173.31595682622915,168.44963360968632,130.9670861358931,126.480965546193,97.62760750892927,27,11,2,Excellent,LOW
129.70408580766,128.3631094801879,149.27762507458345,145.25443093467874,174.92497208800222,175.05055555013334,169.0696453377257,175.49995856332373,78.61110125103693,18,1,1,Excellent,LOW
144.0061089225507,145.18003273404656,149.36230241017375,147.843078085271,167.064339936504,161.70640731526134,148.78094490842756,148.66167764175225,70.08575823355774,27,5,2,Good,MEDIUM
149.93933246622078,151.85068927937658,173.70844607410342,173.3257129364466,162.47645494439968,158.53004549153772,142.5452184870759,145.95056746277126,67.92825060942079,20,17,1,Excellent,LOW
172.66110179333532,169.71930611176714,157.5843983903231,157.50458307521214,170.46577023696608,172.9735892299906,105.29937032608971,104.19115792497335,84.61715660131706,18,5,3,Excellent,LOW
126.04663557292733,129.60325087207855,177.4395248845959,174.07427157602822,136.08283124271827,133.01537509070005,164.72263929045113,164.99492836744562,90.6540512222956,38,9,2,Excellent,LOW
148.56398466776224,148.69398411931368,135.85322064909315,138.27000215407867,151.69066328538102,152.67754884017543,128.59944484221302,124.61825806705097,84.90301591331126,34,14,1,Excellent,LOW
108.42894492186444,108.19872924024082,171.8364843071893,166.57601023493115,129.82053982378366,128.71798475956317,146.47882128406548,145.9124490916507,69.52837741902465,32,3,0,Good,MEDIUM
109.79757861680199,108.76709667475801,141.08897459667733,140.880074236777,166.8282683028093,165.73335129414227,96.78129235410665,96.7242109423091,92.305034782519,19,12,2,Good,MEDIUM
126.16528124539678,131.5588267333494,140.47088354109272,142.6069787040579,152.22500733540622,155.2015984911987,127.73590135129676,133.28206189126402,98.39135145750859,22,12,0,Excellent,LOW
174.89206049392214,179.02758471361898,157.73102456055724,156.50864423868245,174.0978737691816,173.60073066053187,143.54523330908012,142.69969638980825,95.53088786046024,22,1,2,Good,MEDIUM
146.75587985021986,146.9846343189873,146.81968617014547,148.1890954244316,151.14130161471334,146.54973796727225,149.4882014048494,152.53325856950838,90.01087317887087,16,12,0,Excellent,LOW
143.92407515715993,140.39837553249052,132.64679677844092,136.8592945987421,165.29595238710303,161.3277781439945,136.15488986758717,133.9401092550453,66.1936557858982,19,5,3,Good,MEDIUM
108.75168399519248,103.61770345249585,167.37564852912385,171.15706741618303,152.9858730759612,147.95620419364508,140.9457171427482,140.22077860723343,98.99079373681653,29,15,3,Good,MEDIUM
120.30127032262983,124.46299389320919,174.08544848192923,168.22030217097438,176.5143352356252,175.03857747949934,143.53233244278806,144.3875676185523,76.41214887490648,28,0,0,Excellent,LOW
114.32966045097686,113.41754833183734,145.08311208155743,149.3995912199201,143.0411444378975,144.78380270372548,111.78523177448662,114.26555176827196,64.70007360849493,27,10,0,Good,MEDIUM
133.47659345724446,136.128075177663,140.61387576427572,140.84067423262854,151.2080908670811,144.44804866680536,155.48745842984863,154.78016932675462,95.98402379052943,27,10,2,Excellent,LOW
165.2155876644414,162.11838197602196,131.8170374158121,134.24962676260716,126.11083590854297,122.73352211338495,119.7016736404315,122.27116400699776,80.067966640257,34,15,1,Excellent,LOW
130.4774803958096,142.2201120051207,170.91803206976084,167.69804797309214,130.300691702593,132.70154356557012,134.46966513591676,138.3013933567795,87.98111481610287,26,3,3,Good,MEDIUM
141.19947738895112,140.89369688003714,160.4844530624784,158.21830233044716,135.35235244873277,142.12874476238068,108.13873815186892,104.59484611888291,84.0792541189781,21,2,3,Excellent,LOW
120.07513278957232,123.58453481653112,174.81283582357895,174.222492976948,161.14276612948086,159.53910535530434,104.2665209942573,107.52958165421728,69.57479345368185,17,10,1,Excellent,LOW
111.2332848760677,111.72890039618775,157.98587179641567,157.2819989042791,141.54004608475583,139.76783248572383,153.6772071680486,158.5590052567482,72.23024510049498,19,11,1,Good,MEDIUM
129.591334696103,126.90778775253978,162.3182556061828,164.98556394193173,172.3986523954637,180.15710002989348,131.8526400644786,137.00221065911185,94.9790041313457,17,15,1,Excellent,LOW
149.1576983830496,151.2163846006025,145.46842810400065,144.33791506551097,161.6478992385742,164.08721554922818,95.81890094217572,87.50036781318755,91.60525494904434,29,11,2,Excellent,LOW
121.26610081822358,120.668959799329,165.97896123746793,160.51319958950577,141.53212145963153,135.31581746775316,114.36185513211066,120.18289710698458,60.99438063663177,22,19,2,Good,MEDIUM
122.70757057130687,127.99854843884742,176.49608815728322,175.98872010035478,152.7050047715934,155.49029621991468,97.8837481130354,98.99894736257724,69.2831431146466,37,17,3,Good,MEDIUM
109.78385574577135,105.73664166173626,153.4300905060755,155.86158300352628,155.47806893539467,161.07685349128406,91.38304358106906,92.84964282965824,81.98738454626313,17,14,3,Good,MEDIUM
100.30796521730863,100.18810495135368,137.75043337083773,137.2231365590618,159.86703942559558,156.41587528263435,161.0826630819588,163.31971783967333,77.67631379915704,31,0,1,Good,MEDIUM
108.49325887298649,112.83005184916065,153.8554908846963,154.4864000053623,179.67385540107148,177.60282561218258,169.42657053455804,170.29777989355296,76.31576947120762,24,8,2,Good,MEDIUM
106.48431303401142,107.50899545678854,179.96036494717202,183.5402979649534,137.210798738832,134.12383548044488,103.12508706122682,101.13323967395546,71.40746384040192,24,13,3,Poor,HIGH
117.42172405723394,116.0329780767849,135.64202722584423,137.95443388580816,172.20149553120993,167.98615354975254,124.38650060104021,126.09775818165183,71.49030779508271,25,4,0,Good,MEDIUM
123.45349713560935,119.23260317511321,151.30611854862428,152.07753394604856,153.13928984245666,146.97404233014822,122.0023708789033,124.70481072491553,91.13356916270234,17,13,3,Good,MEDIUM
142.3212626300074,135.38104820826368,136.2478283042009,133.4525042912214,126.39307483296678,121.97073599691095,110.37293491459575,113.8407195782381,99.92780217911142,28,10,0,Excellent,LOW
139.511287453781,138.75032407612812,151.6625466154514,147.17020660963414,167.98151172016748,166.0259672439927,116.6963366060504,123.05209791982672,72.65875136245994,20,5,1,Excellent,LOW
104.08839174331445,108.2943617283492,155.43419753420395,157.14229528998527,123.28285049001839,126.20427821482319,137.80905527459683,138.04686341146743,92.3770995385126,27,9,1,Excellent,LOW
173.1433401462969,171.04590032357058,140.67687389419757,142.29332467874093,160.5655820498746,163.31209481765924,97.1207787916807,96.51616964518698,80.46102563237972,23,9,1,Excellent,LOW
127.2491929064668,123.79291309811444,163.52233326412545,162.80034588281285,137.3303648686508,144.199689324473,147.53597564766136,153.97310574561465,89.80965944689765,24,13,2,Excellent,LOW
162.80881711260503,163.11912235171835,150.0626291601864,144.16980626074215,171.30470315818127,163.39580377722535,145.185895431811,140.45854115417504,84.09764439445772,21,10,3,Excellent,LOW
120.63926588301068,121.59777595596667,133.59533586582228,135.79449871022027,174.54033533014217,166.96928661978197,121.42712611851219,122.67308955370335,67.18604871821367,31,8,3,Good,MEDIUM
119.79816397823724,126.2705320509155,146.8154047206875,145.3040628539092,139.71626036879056,138.98037396462416,104.45093583530523,97.16243934338986,79.42522936128502,20,8,0,Excellent,LOW
115.44154830749495,113.9117387168178,177.15979248467255,171.2319025849977,175.90388548522947,173.6226292140836,101.95195107630178,97.23551821885039,80.39940317253988,24,2,0,Excellent,LOW
169.75040333433043,169.0674167763372,174.81181245730664,167.59309800427695,168.4024684647037,162.57574269940739,105.9657292716751,104.27935302144469,61.511380263827185,18,2,3,Good,MEDIUM
103.92603838234848,106.67777027055419,172.57445908232734,170.73550926851527,148.98397471159817,150.35127556741804,106.04517276704559,105.80502260029132,68.61437131418434,30,13,2,Poor,HIGH
156.6295311112137,158.08937983382276,134.94366713313258,140.99084581182618,168.7307752375651,168.02658525345728,158.04093215816533,158.82715926896367,95.11389244066257,26,12,0,Excellent,LOW
130.2279068430349,135.58001549416258,161.90699512581347,164.92973717410166,139.23379346165547,138.61629932275974,100.30035498944444,96.856708867071,97.90494634082668,28,12,1,Excellent,LOW
142.7000973930419,148.19732566892483,145.28242484180916,143.40249187782692,155.57896205804593,154.93172284264608,95.79115186114483,95.84039649055026,71.61472849944082,39,12,1,Excellent,LOW
166.18713288011023,155.71052405989687,130.35482662474436,126.4832584428705,169.16389385798956,171.642649544438,144.18405490685274,135.66070291742923,88.10518305751663,26,16,2,Good,MEDIUM
123.92829474046056,123.05862919839961,164.56508846676144,167.65795841420046,174.16975842215788,173.08428964030688,98.99088394578085,103.43079303457152,63.02521455338198,21,13,3,Good,MEDIUM
163.7381953447768,160.38922777035538,148.95029165890998,147.38307630814285,141.2145074179365,142.76490073078594,130.69535525835008,127.38789703407076,88.84491024459065,29,8,1,Excellent,LOW
135.4431889782892,133.42028496656783,172.7309512894239,176.26104226892699,168.1321805301514,173.44619656552894,102.77062054187522,98.6252753861323,95.85126208655151,30,8,1,Excellent,LOW
168.36826654472895,173.15039209707578,131.93997273644436,127.38306339400441,131.20635169386776,133.22467895177732,118.05141531657175,120.55756876991951,75.0724251109685,18,14,0,Excellent,LOW
107.59570928732548,103.01423072748901,130.77491209130952,133.18019378437444,130.00585613236152,136.20253739547914,91.6846226845056,94.84512753498089,61.457017732068806,28,18,3,Poor,HIGH
156.07388684237333,161.33592000613373,177.9796073804617,178.6110962772262,167.559748605097,166.91807107719563,93.20552690786133,103.20912889959845,99.37287915256165,16,3,2,Excellent,LOW
150.00316415473426,152.59249489678817,159.33839539222956,154.4547375753639,146.74378925417216,144.70330629625664,125.89060732941874,128.80868473336355,81.50768514363887,35,11,0,Excellent,LOW
129.6105462158692,125.71948814882919,176.63240502712392,177.85227112979194,142.9835283852602,142.7292342285157,160.26019741858772,154.4564858541428,81.09020599802709,18,18,2,Excellent,LOW
120.45954195248844,124.43899763975557,152.75621155163847,152.47572289463832,153.35472102445922,149.5092495487815,91.21393592371373,81.95540071470258,71.34982039841825,31,13,0,Excellent,LOW
109.82609639878493,108.1113972112597,154.8783041694363,155.15709487177824,129.29056089721365,127.37915131307295,124.59497333732024,120.10402683584552,84.92689698128748,36,9,0,Excellent,LOW
113.69688476898259,121.29795846622645,157.8354628276427,160.9046324933994,164.29773062869845,168.96776992064423,124.6213665366555,121.72550761478435,79.36737993290387,34,12,3,Good,MEDIUM
139.3116000771067,139.28218146251143,167.80021208870386,168.40600869190172,147.13884210308012,146.82781437130066,115.6088112804721,114.86255464041236,93.53411616196064,30,5,2,Excellent,LOW
166.7311742721535,167.18475184002025,143.0835683318753,144.4605503368982,124.01946566375085,123.16396499353229,147.62666953327943,151.50793434043254,96.73140141519832,33,10,2,Excellent,LOW
111.88393301355723,109.19999915557878,146.34466315278033,149.4091688457861,120.64790354337072,118.01758135743009,151.83044619708144,153.1976120695573,79.67471287668828,37,18,1,Excellent,LOW
106.1824954014243,101.00542611512589,167.61675889889426,167.36436517732017,174.69547366836758,179.90667339044663,151.11705570604943,161.50712420942722,60.20315251902909,26,12,0,Good,MEDIUM
173.8089162869678,177.25374451123193,162.81014901868033,165.03581226982277,148.29979096710963,145.99482215559385,139.91676075456115,140.28073925915942,85.04392407948187,21,12,0,Excellent,LOW
146.3359895941965,144.9769535636064,178.1182658227264,178.8130882452307,173.41324023327337,176.55886508125664,131.4659138431859,129.227728702028,78.47225926248075,35,8,0,Excellent,LOW
155.27976382331315,143.6988905758944,160.55117057709623,160.48993414729784,157.45152437377624,158.96046505014687,112.07426383600503,109.90734618300546,96.19847520679656,26,11,2,Good,MEDIUM
128.37606862619853,126.81237638809957,153.80283510755308,154.52923457457516,179.50116842356414,176.68044032746243,130.11531789583285,132.75057379536844,69.34499054594266,27,12,0,Excellent,LOW
123.61037941904263,112.15153984963082,153.56832422039218,147.9032068243281,130.5470289498229,128.80222017589767,163.1620923041645,160.63581597405022,64.52211871338041,33,0,0,Poor,HIGH
160.73278029229468,159.4260098128646,141.2279734634448,142.827007767462,147.9303399916488,151.54832655717928,140.8751661393147,137.24790195292098,94.99950752210606,21,13,0,Excellent,LOW
170.04905638844627,167.7426492814744,150.33182634424853,148.11795067527348,142.98986811354754,142.14559343400677,103.66146080026695,109.35647710149607,70.68839581944296,23,5,1,Excellent,LOW
158.6226584082408,160.39197165223678,151.93423514498969,152.07056334198634,152.44545011324138,153.03029174810305,135.55812117304086,140.0773325795991,73.72695428829134,26,15,0,Excellent,LOW
133.1795305561145,133.4130117193861,146.92770137185258,145.11612457814172,148.40609601564293,152.30100093905241,142.9521261177543,144.14731723904134,77.36195473912723,39,13,3,Excellent,LOW
101.68369363234935,108.14766988260226,171.27291628981425,173.7510026649346,123.36013853634,134.41023949949835,103.52998901153424,97.31553929323262,72.89799238842599,16,10,1,Good,MEDIUM
169.7055674552655,164.3854532912805,142.7015508899493,147.57917680657445,178.92811106616904,176.28820552621124,155.36003867981046,159.68868978985208,76.3517206908469,37,4,2,Excellent,LOW
103.64220424717463,95.69030157994422,174.78220765319173,169.07224622210077,127.56918577726901,124.33453976144618,151.08824536704108,158.64678306927124,99.70390874326641,16,5,0,Excellent,LOW
104.0182419705556,105.37167173829943,140.3911920729418,137.41345805275535,150.24420478490546,143.16800356994787,165.87401244331943,167.34099807488846,93.698564273423,20,5,0,Excellent,LOW
104.81895422159583,109.1965534099284,174.7896436447353,180.13565740573145,159.19123134946875,160.27015417812,154.1295588785627,153.7802414209483,85.21670473525418,29,3,0,Excellent,LOW
166.5813643503766,164.50669747189175,169.46453273385524,172.0241373690099,121.87281362032485,121.99053598703506,114.26248208523562,116.32905986897948,74.50332850378709,21,15,1,Excellent,LOW
108.99413941953476,112.21670158636282,141.62840371284142,140.44988080239654,156.46175420985648,151.1776458761821,155.07255148517436,153.31220636416384,89.7132510586276,27,13,2,Good,MEDIUM
116.14328653757153,107.4053155973643,141.70288875087496,142.52347506430024,122.98686009138262,126.38343051511139,132.68935450473685,127.59127807550738,97.7616511312371,19,16,0,Excellent,LOW
109.61388327243233,110.78422279815885,163.77661843100284,161.00847437177984,166.6399508449316,174.67813448303278,91.0813817359776,94.20722531940869,66.48682908548753,36,3,2,Poor,HIGH
173.8696831331119,175.3850176638698,152.69232819034556,154.77845989955074,152.43665965948375,152.16579087007293,119.85658952841015,124.62354087169587,79.72989972103943,28,10,0,Excellent,LOW
107.92754529094755,108.6903264418293,144.90287858974048,150.69663787369618,145.35236281343128,141.15654787200737,103.08867366749698,99.51808397376809,74.51068532549904,28,18,2,Poor,HIGH
106.6916626042929,101.69238124593545,179.35500429620583,178.55929167479522,153.66901274611047,149.2097239967008,97.57911318234753,102.36675697739294,99.03483451134147,16,6,3,Good,MEDIUM
106.0067132253371,107.40970401352772,157.9996835731779,154.2657981717032,164.3356977678573,163.28456592005483,91.47047918201936,92.3551830969372,87.58554078635625,24,17,0,Excellent,LOW
151.79614842899772,144.17744965513586,148.1805724595032,152.51380904466845,133.0088565557465,134.4422346000505,123.9348044596781,119.14857274521135,77.86754886978659,27,0,0,Excellent,LOW
122.86286269422001,126.03728190725839,144.9431594393434,146.17237533765066,131.5790404763417,132.66813122068427,125.50847929124555,121.91278333068986,67.52062868785156,36,19,2,Good,MEDIUM
141.57255293859643,148.46221011455424,132.75548199703334,133.35439587915897,173.27237591107982,169.37018979945157,104.67242788877917,107.46279083127483,77.26640856575133,27,0,2,Good,MEDIUM
139.03420691045372,137.95969822290735,167.68050657389935,172.1817678869638,177.3383677034053,179.63048504761093,150.84852651120494,152.6701191951178,66.72844369734166,20,10,2,Good,MEDIUM
140.2307787310023,133.62434034412917,160.200249886975,158.85865170776506,172.28001554041697,166.7164390153819,110.56768715160894,108.63832085075799,79.17819912599063,29,16,0,Excellent,LOW
103.00934651957571,103.52777467546056,173.42380756013847,176.14177662821848,170.06574719434454,172.1311327131786,113.3132110940839,116.78383134680996,73.44641030978079,31,15,1,Good,MEDIUM
152.41252528345245,151.53497873813484,134.75468238553648,134.81378819543588,123.25270465235958,121.68245787904027,147.3162385247032,148.1613614224694,69.98498817642334,17,0,3,Good,MEDIUM
172.106318338493,177.13679456393044,135.46779515547394,136.6859635227582,143.83747757675434,147.0288803822829,158.88908160491405,151.3953163890956,63.13352871048026,22,0,0,Good,MEDIUM
165.03099978688178,164.57196617928832,155.31752766404063,156.95557541909432,178.29098140824834,181.805447050656,108.01919218681971,105.3296389654187,87.25840461701088,22,0,0,Excellent,LOW
113.94502306557884,113.80731709297592,178.08010127874394,173.45192475029756,166.17852983301927,157.72386766278035,133.9414794678754,133.33242413420544,89.93443333714478,24,2,3,Good,MEDIUM
127.70369856869388,139.27051052852096,166.43075783963883,167.26583233897492,141.2907434058395,146.7205888685727,133.80928805229976,140.9759708943939,85.61933172568848,22,15,2,Good,MEDIUM
128.81205684650968,127.8417921183851,152.80793705599112,153.50367660367846,149.54145567176937,151.07605225144445,113.39320671073983,114.90912947282794,94.99588938391705,34,13,3,Excellent,LOW
174.19125125654398,171.32495730284757,171.48219026764642,173.91097357556208,162.23620002207093,161.74365428066187,142.95758715605075,145.3679082279641,78.59419123253083,20,12,0,Excellent,LOW
114.14741848180562,127.10797507635284,170.53019241300805,173.21580811806393,164.1312423476149,161.05286848960566,147.6493032530972,148.95348075856063,80.0122062541806,27,10,3,Poor,HIGH
162.41793300313313,166.20598885977157,134.70299101142945,131.95883249544121,177.08378234906493,182.97903168372846,113.84314656755608,117.33140139528918,76.48386274832458,19,10,3,Excellent,LOW
147.28360867434924,144.23268208604637,166.00508272695706,170.16400753344556,160.55954938538042,160.1655162753095,120.63499058332937,128.15920934462386,68.88328752835959,16,0,3,Good,MEDIUM
114.40121882259616,116.39563809654508,174.73809935062474,176.99930626216008,127.05343494725619,130.80832941220882,104.13458513410441,99.24202987646672,83.20914128796566,16,14,1,Excellent,LOW
163.0474483614344,164.79037765030645,174.04407118873684,175.71743290994613,168.3448135306872,162.01754386932595,161.05673545713194,164.233470087871,93.62414491092767,37,15,3,Excellent,LOW
147.89077955514352,145.36622618662338,166.4758464286561,167.29496075315484,140.83725996916047,136.68598655413214,101.64540078665885,107.55767168873653,76.24439922010231,22,3,0,Excellent,LOW
145.24166017434726,143.97061659827767,146.33109528740044,146.68083082343784,157.39886602554344,149.53664245963742,125.06388864265327,122.71542756017267,70.50773239520021,37,16,2,Good,MEDIUM
108.9916023612884,116.91201457878016,168.95026969620187,168.42242382427787,121.20316258704051,121.8759962119625,154.95272919679238,158.7448165902115,92.31752120057133,27,3,0,Excellent,LOW
150.2039067752402,159.01196247387867,131.91807773939874,130.84980159354157,157.28786535940708,157.29577273843032,118.60106627417895,124.7325596967242,71.09706939203916,31,1,1,Good,MEDIUM
165.3225699896907,170.0582519250962,158.0677912094669,155.99199724245096,172.97018944068475,180.0343906568939,136.23016651527274,147.37436626652604,89.97261420569737,20,12,0,Excellent,LOW
104.00759517932629,104.20490784250566,160.7451507283468,162.91249168400975,148.94541609568373,149.66570024646765,149.77797160708695,148.6862383261849,72.46813285971248,21,7,0,Good,MEDIUM
142.71409590115246,140.13661965895434,174.1235097471568,175.40882583476662,154.9437305045102,154.50836288601363,157.5833390292729,153.31647252382544,95.90248773812641,16,19,0,Excellent,LOW
174.75124584510098,177.70653897890244,147.76448216096594,151.60547907258112,122.94964974930289,123.16981997842707,150.96261768312408,149.05702664071802,81.4951676177542,24,12,1,Excellent,LOW
132.78790371701328,135.20547399848058,132.76748946090476,127.88310917545193,128.6747826143751,125.50160528696958,141.1820161256338,142.91339434103492,62.18738483013462,34,0,3,Good,MEDIUM
108.22272119013898,111.20741574245515,132.73935239617745,133.08967169616125,145.29325489308206,143.9778896595759,154.51967568841962,161.83591893772382,67.18581263456527,26,7,0,Good,MEDIUM
160.76050680590959,161.69267861202752,175.73082272575957,173.57662837490477,132.51911478950586,130.16768956987386,138.30041150700904,139.2228549020739,66.55726883812811,39,18,3,Good,MEDIUM
128.30407187310823,125.92030908383794,130.6866594041289,130.46890377292203,175.28516009257964,174.66615977766463,155.2283699084449,150.98867028527346,95.57275039713278,21,0,1,Excellent,LOW
156.12814370711368,158.33600074444098,174.59101057033064,173.55871648554364,131.78647891336715,128.73918022673175,121.32296796813034,122.16443642229389,88.5328691800509,22,16,1,Excellent,LOW
121.19056477468327,117.89738049765243,165.95114102168006,165.1923907035221,150.2333278074764,146.21792889935287,115.9550582908053,119.2940571813785,73.36861349040458,38,9,2,Poor,HIGH
147.29194257593036,145.70461844045232,176.63205312769924,181.37482885653952,157.94833214468864,161.56278317786587,112.9452597765625,107.41859726898771,71.74529567039497,38,18,1,Excellent,LOW
169.3163826131995,169.57097885918557,157.44662622496688,156.3312891903964,133.15922407268292,140.72799111601518,148.1704957505542,144.63561918778996,60.028674348263195,21,5,2,Good,MEDIUM
151.06879094629386,148.6948060756855,170.03319707626557,167.61365709441125,147.23211719975617,142.3645638384103,120.49839622199013,125.06830680096122,99.6285023449242,33,11,2,Excellent,LOW
101.56821342514262,100.9340626554768,141.49591854308164,138.74186135816475,150.9567527115254,151.53045897895538,118.3539193589909,121.84001690334263,75.24587528138943,22,6,1,Excellent,LOW
141.75492308194134,140.71451328263535,149.61910504663607,145.71657612576706,144.31290739795674,145.09802308809915,92.86129944119482,91.92382463830499,81.12906430908627,30,0,2,Good,MEDIUM
145.42744303449066,141.7039020596779,173.45495343623642,178.03724159687698,154.09914906467554,151.1907509039717,127.1751574756132,126.76861408469699,92.82943363262922,34,15,1,Excellent,LOW
108.88462788208614,112.81016385118627,144.78764173101646,146.7958903045771,149.73923525299483,142.55526932735597,108.50789705601204,102.17467469750358,65.45484420117833,26,15,1,Good,MEDIUM
100.69006732190346,94.78842171752737,178.65723557134544,181.72477395243348,131.62302304657788,126.56794673769572,90.67611968499685,85.19388351672882,93.56831812157836,26,6,0,Excellent,LOW
124.6580715619443,128.52889791663907,130.7723713866539,131.63924645581466,146.14406141059845,143.98430657947182,123.27916863801933,117.93200096118791,89.86683859146548,32,2,2,Excellent,LOW
137.06182026638533,134.15782865140443,177.2483531820038,181.59414050562845,148.90820655233648,153.88652757392148,112.0188884744898,113.10795801211378,63.0080811505121,28,2,3,Good,MEDIUM
167.2378188219246,167.04503191213504,150.77195081298305,151.46369773556972,144.4777561323436,148.82533858269082,150.71966099925822,148.0118143155882,79.145794822021,16,18,0,Excellent,LOW
109.77637597860938,107.95038678473594,154.61080916437334,158.4641203227055,172.83903464787466,176.91814075662782,93.94397299273359,84.46920816532496,60.093898954698126,24,12,2,Poor,HIGH
148.2682167054865,147.65154055201415,178.5975422629903,175.7543867557711,122.25313920360274,117.67627881895943,140.6771295388618,136.14692417379663,64.2320143769656,36,14,3,Good,MEDIUM
112.66252049894275,114.81216851022428,159.83614950531086,161.7630532103444,140.23212211013717,137.95332625843423,130.78056535206971,129.34925361830466,83.41043502039386,21,14,3,Good,MEDIUM
103.62433066415477,111.45832427167075,140.4767311975063,142.9909621017513,128.70633440378703,123.79752280915385,103.7118649859802,108.91444595504441,63.159223974649265,30,5,2,Poor,HIGH
161.9840239341235,163.90120535888778,143.06225662267912,147.44125832259192,178.91431933721657,181.49062763505037,108.7204229728296,109.3359874187553,63.375517915799485,36,2,2,Good,MEDIUM
102.69195633916993,101.73491552049211,150.54045005048403,152.5526815267827,121.10229927228626,124.42651083724208,139.23927677333754,136.7359321524026,90.15122404345661,23,19,3,Good,MEDIUM
158.65013691954562,157.68441466064564,169.60949691376226,174.0098445844592,170.3173077718834,165.5536417479885,111.92094243084381,114.63585470796149,72.59364621634941,24,1,1,Good,MEDIUM
147.0547416486885,143.53363383336006,165.26533212679635,162.20676188472663,164.12619563353118,160.00771613684614,169.28452069912697,164.05163852908908,64.0781019832111,38,19,3,Good,MEDIUM
161.5808771498681,162.67109480394518,132.8241712001741,130.90859803631085,160.37130226858147,159.06125898825928,131.77011947457416,136.21170901000397,76.0616695202113,23,1,1,Excellent,LOW
146.32951930463457,150.15873859500869,154.89345902571597,154.57518711969172,170.50852254172912,168.95701941427924,108.406759348598,113.63104816408452,76.24328530239083,20,19,0,Excellent,LOW
158.2418103838915,152.0090166648907,169.69478275972585,173.95156977226205,172.4648732517887,174.12018254436197,111.52417829937303,113.62017719715443,92.47558574273268,27,6,0,Excellent,LOW
134.27041374236867,135.36938763446426,170.28964329791174,168.94679182964953,136.2832912942059,143.609511563306,125.12331910569183,124.13747193801787,64.51187675466308,27,12,3,Good,MEDIUM
129.82262392995648,125.14470141314442,154.03240141562046,151.86949109021077,153.1097240120501,147.69470531321105,165.89232647223923,168.8302334522441,66.79033992828543,20,8,1,Excellent,LOW
136.08442688626343,133.68577226882744,158.53322894903945,152.64113247512674,146.13534948076256,152.4297480376929,144.87010200691716,142.566990987221,93.33085128143392,37,1,3,Good,MEDIUM
143.88960890446404,142.90426777974466,145.68910716528643,138.78469201227648,128.5106638570191,127.47490867070553,144.64556601520994,143.89412841117505,86.42909572436606,16,5,1,Excellent,LOW
117.22767365216008,114.63036274937663,141.51714160511756,137.53705801488422,153.66041018489526,152.06170047200442,163.0755758780472,159.8258571136306,76.36901920767184,16,19,2,Good,MEDIUM
160.55092159002766,158.17990747515125,177.7198451016737,181.82783180827434,174.63858095007274,174.3210263909611,105.79788669485464,107.83444186738214,85.06634556365364,33,13,1,Excellent,LOW
122.89108975966444,116.53052243694324,166.55514915017812,164.56119585767195,134.53100673562605,134.9983274323148,113.19899141153135,108.05662740850724,85.1562057969446,26,6,0,Excellent,LOW
102.1627245191279,99.16517491934843,143.11524656922197,142.18730932871594,170.33327394754647,170.4218198890713,135.37029660258983,133.31851992599405,82.44604586687825,20,19,3,Good,MEDIUM
110.01573171291633,113.7741212004038,164.5475683133978,159.93370653218028,144.24890590662338,143.3495912532778,122.22209074786664,126.21677121491014,61.4482904594954,32,4,1,Good,MEDIUM
108.5828622637636,112.63750158320157,148.29597177067876,146.1922905648885,134.49614772240238,130.32029187219464,161.65223356665416,164.0235640303581,64.22393584104564,34,19,2,Poor,HIGH
153.4005970898622,147.7328514559596,169.1645046219433,164.15946995761712,177.76708847884393,176.90267099411065,128.4753286467443,124.40923119801388,75.0524726781999,22,18,1,Excellent,LOW
132.7160812840034,134.78543046273796,170.1280374075814,168.62919743671696,149.18349768533363,153.0099889322756,113.05217086219224,107.46732360469211,69.44031721294849,34,10,0,Excellent,LOW
104.23010183205929,102.6220833667044,130.0906016934626,132.2542813247088,133.42908516338574,127.65915346101394,116.78546757707608,117.2454736884859,73.21230750227514,21,16,1,Good,MEDIUM
125.12564274682718,123.04654358830706,145.8342178008463,142.0991144230922,160.63823755788846,163.10648973682927,95.27137320255781,88.54385178246766,67.65156626786057,18,0,1,Good,MEDIUM
108.3190173156105,113.95573089002085,151.7615359004712,150.29925126294137,176.81055310005095,181.05895222484318,154.8662490689817,154.4990028399274,99.23945211194733,31,4,0,Excellent,LOW
141.83575943015757,142.35323145697285,158.14151186073013,150.99929454415965,138.8020616674367,142.9507872900329,159.70215904969257,156.0602122355665,67.70326529834111,22,12,2,Good,MEDIUM
125.63992013217629,126.81986320373287,178.77252620674756,175.1770509941853,165.6875300061695,166.80802601584804,115.94006990815765,108.12134592576264,64.44139692095438,36,4,1,Excellent,LOW
147.18381839757,149.0740479951053,163.8670923040758,161.52418318259535,121.465612976438,114.48735316884586,143.55296514029146,139.8663526611784,68.64543249243683,20,2,2,Good,MEDIUM
129.30647384252532,131.71625549416297,165.80743894378475,167.5422663385154,132.25431723419186,130.73236090281628,106.81406681871387,103.5468773789071,79.90751838191088,27,15,2,Excellent,LOW
161.2658489420337,166.48745864709437,164.8015703494557,160.06305409819387,140.54851315117824,142.90853219559614,149.3760807296906,159.53764512041636,80.38942040015749,32,8,0,Excellent,LOW
101.98351769482505,100.50904023168225,159.3897702533186,161.81090950313867,170.83780473212963,169.480559983577,95.96083694549121,95.79548812625453,80.41570885394826,25,19,1,Excellent,LOW
158.84023890136714,159.02599781313498,171.81921178156128,169.10476743012615,169.8115537841743,170.0434993243091,106.62165035517828,107.15524897238335,60.81121259578323,25,8,1,Excellent,LOW
153.150753997413,151.03506398787175,146.88739983674236,145.4117637605934,145.10696983052748,132.08905406533665,111.65396847722315,116.43577932423507,61.16682674296298,33,2,1,Excellent,LOW
169.7393875375421,166.93036574174863,138.59368512696233,138.00074027616188,123.55339832379644,125.78079593154077,146.93456474840687,138.80528105107862,68.43709344426048,36,15,3,Good,MEDIUM
167.73231302869823,167.29975706713256,167.21841021519953,170.55471207286354,157.16670442908918,155.95516345389322,152.864678739548,158.24907791760504,78.49827268260591,23,10,0,Excellent,LOW
134.6964453950297,137.02595317884072,157.72445571605854,159.27325046489852,130.78786880970452,132.80090971580654,150.23889544313482,150.1002331641844,92.44650415516529,27,7,2,Excellent,LOW
107.35433864218432,109.43586030245423,171.70693302617926,171.4918306406568,149.3822419114713,151.92751569171392,117.84215705509754,119.84683679320773,95.68611667479843,21,15,3,Good,MEDIUM
100.77591973545249,106.60760383192762,162.540134507169,165.24645706339834,178.07174106979278,177.44952788124436,95.02859899779048,99.44237334964411,79.04235078007987,30,17,2,Good,MEDIUM
135.1614218511431,131.01449666102454,155.0115739462901,152.13067911674403,129.63618878577893,124.51731564590439,136.97062412673608,132.33758387133253,62.66729201452098,32,11,3,Good,MEDIUM
124.99313054130457,121.75423119823543,160.30075012397216,160.86415113809974,125.37790639827708,128.10488003353765,137.17832288611726,141.02833442931765,77.99651124342022,39,15,2,Excellent,LOW
127.52449503114605,130.967530830175,172.314366824323,170.96416422138077,141.3819982653034,142.45138526300445,123.9144428023733,124.9281018418705,62.65892520836686,27,5,2,Good,MEDIUM
133.63639210019753,129.27545177945453,132.39788662184938,131.97114133593,166.52457087554967,172.58342932552728,101.98902391092413,103.63172225260334,82.87315084730764,29,14,1,Excellent,LOW
109.77555426768039,106.95103981893597,179.29292202054688,178.23831139180106,138.51795891143703,137.4139146645711,137.0162582673181,135.65994477281072,62.56174095459154,23,13,0,Good,MEDIUM
133.75714514431445,133.8946724333462,150.69630290262944,150.3460109092847,136.20350796609335,138.5917982101388,123.29736248258516,118.75156272794234,67.18637156119648,29,0,1,Good,MEDIUM
173.87184772193734,169.57953520821658,143.9232645457673,141.5494810918469,173.78837143555774,179.22993301437003,163.44084080754803,166.65407983306207,96.4748993938003,30,2,3,Excellent,LOW
171.76110029431584,172.68613128305216,175.07429255503746,174.81907303056207,136.22299411863938,134.59862960307314,131.61445892534078,125.25970640383042,71.79724543215457,21,0,3,Good,MEDIUM
121.14526632563188,116.13124227614483,173.66271783458365,173.0178533203468,162.29466796388016,163.2581749926818,142.29251811244964,139.62974425287547,98.2488469457451,37,12,0,Excellent,LOW
108.28071232575446,101.27496033693913,131.77910728967314,129.47445146542924,128.2041241637541,128.5622123667967,165.29084678803576,165.5596605988766,94.6990809398389,16,19,1,Excellent,LOW
174.57159893207944,169.57034460024218,145.8052443970448,146.43768963092236,145.4695699605921,141.02245676405434,167.7783767373086,163.91286036214032,66.13459309662983,21,16,0,Excellent,LOW
127.01216149103436,126.51106480813222,172.8596476793403,175.87237268007607,122.90375291674593,121.82218821496896,128.6713653345701,124.25266281801952,70.54028614083427,30,4,0,Excellent,LOW
133.9242608225722,129.285778376413,151.32030282459863,150.55395153045407,152.24501631598844,152.06077069949058,152.508497471616,150.93431219212326,87.20184225497079,23,6,2,Excellent,LOW
101.35240073689225,107.08963941430055,157.06676913506337,157.92103291522008,139.43373315482276,143.6273327060769,136.86816979465345,136.5439013729118,86.96768466460003,39,10,3,Good,MEDIUM
129.85411305092032,135.5036357352911,148.68251481864922,148.87313497015623,143.28728740610984,144.3045499123247,123.05555830422381,120.24855653570066,76.22477561021769,27,15,2,Excellent,LOW
126.7466349119539,122.75092686674864,163.2076382527241,160.59575115944227,145.16326989118116,142.488453632132,96.33491272869007,100.10395382286497,79.51291349527524,20,10,2,Excellent,LOW
120.58094737267614,114.30899431043507,144.3433437491397,139.86595693912173,136.114776259978,132.29630385217774,117.56047147152506,119.63334727330671,62.46172136539347,33,18,2,Poor,HIGH
166.3761493410444,165.58755981721075,153.5162023968603,148.9979358616798,172.41451834558404,172.73308910515962,143.65977603774186,150.0617563009861,93.89420215637467,18,5,3,Excellent,LOW
145.10402394863394,140.13478283712914,130.06777622489744,124.96536415035395,149.82535856104784,152.62603574571222,160.35175946447075,162.5420008509548,79.50875473261478,37,14,2,Excellent,LOW
118.7400598943447,122.22867231708092,150.90657998968112,151.8786893178007,174.6609419987532,179.46866867691136,91.63212885505651,91.66728262558479,84.17955929033837,22,7,2,Good,MEDIUM
135.04310083066278,136.63189817509334,157.1273931150323,156.34250659530827,178.70666352921418,179.66840879002862,165.76322225154874,171.11568389863555,80.19499260381228,26,14,1,Excellent,LOW
162.03686113207175,155.47591766541788,143.25174590702738,141.6083001968476,152.17153675693226,143.87591273704567,97.29098712717658,90.24601681263,88.74414962760783,27,10,3,Excellent,LOW
130.95687402080452,132.72352427754876,148.5731669667236,144.2719768922929,146.93470335556742,141.23887090677698,102.46012982924239,103.1742465081243,95.2168761149442,18,18,1,Excellent,LOW
100.61487408482216,102.53889890063917,131.27363458675535,128.19267771057946,123.81653977059004,124.08862594810626,133.67220474134461,127.57156214518858,61.37044491174017,38,15,2,Poor,HIGH
110.77657188881595,111.94994605652487,137.19172354951553,142.66971518473866,120.55449530433086,118.6146775971378,138.49733137766128,140.34340356317372,73.47687652306982,34,3,1,Good,MEDIUM
106.52046705191907,103.97557220131135,151.4009676219822,149.70578620132864,159.49702700556944,169.2619138954571,167.02963952014477,168.77814663906898,83.57883212372988,35,11,2,Good,MEDIUM
134.46218311483076,139.45996858401233,169.22040583091018,164.80640530895081,158.8888045829387,160.4078476418097,159.0837225337143,160.01244607972308,86.96233811014784,26,7,0,Excellent,LOW
160.44775965032153,164.34480870266734,151.32959505271967,147.58092734450122,173.34716134364658,173.7035644104621,145.32044366508757,150.15842163966667,95.33398804088415,19,16,3,Excellent,LOW
156.5249603432186,154.41873981067178,173.2863618553397,169.3193195512898,163.4653404161589,158.0656378647138,118.47747126657893,116.6566756473143,71.36416596909731,28,7,1,Excellent,LOW
118.90524151376286,110.11358773146682,179.10386893178153,176.45618769744496,143.46553464889323,150.23287399899155,123.50071923861239,129.68167008966714,77.27374769248118,17,18,3,Good,MEDIUM
137.8554606535264,132.87751485397092,142.57150760937319,143.9209892505527,130.41432864908637,127.53348056505921,106.79142738439978,102.28880751319744,79.67503837843296,30,19,1,Excellent,LOW
144.27857239028955,145.3507003386335,175.38081931126135,170.33305864936565,170.7861105784384,168.56983938872278,132.82021877034472,132.77448310381521,88.19182399701182,31,4,0,Excellent,LOW
120.89259649042445,118.23242359613354,170.5990745342855,174.2416462007487,139.17128710844855,138.24965546681068,126.18196098313112,121.34843965902343,60.64432874197348,25,2,2,Poor,HIGH
106.58296855925805,109.44109132346672,132.88940985099322,133.80022266484437,128.43920035402002,126.45409022166122,122.28388966509507,129.1405470947573,65.47866538176943,30,17,0,Good,MEDIUM
111.83730446358423,111.66040754605487,146.94969850807865,151.7367797085688,128.81453454137562,135.18500009775815,112.55994821479774,113.87429304652018,68.75177406306891,24,7,1,Good,MEDIUM
109.21833869066838,107.49979877655834,172.28724391628816,168.38391611711413,140.77596304727584,145.9759125363244,136.8945883270673,140.735808999414,74.28967872680545,31,2,2,Poor,HIGH
106.2905303914009,110.33035237822924,146.45028648311165,142.45543213447735,143.48725624766826,140.184055247317,122.85603204692345,117.84960541903419,88.81664276369372,33,12,2,Good,MEDIUM
123.15892437644395,126.86861180701315,169.166834596231,167.23074910355794,141.1381412626056,143.26459384975976,90.66925279873153,83.52291543988855,63.30668151946169,19,17,0,Excellent,LOW
169.98349158764898,166.9673216209788,132.2440508236359,138.07637393421237,175.2068287993577,173.2880018411264,145.18568570630094,145.06467505939926,79.27349014305032,29,7,2,Excellent,LOW
131.5054221439123,128.0615486748585,152.71139119034345,153.4169025012792,134.3259536402384,136.18066498022102,155.93439997002866,158.12648487850518,88.94437751031805,36,7,2,Excellent,LOW
133.90328324348513,137.9396230075382,165.81772414370434,170.04480641769982,133.4555029890739,128.77405199873155,153.47492655098893,154.28865525003653,96.5971974651713,28,13,0,Excellent,LOW
169.99187959893462,161.6636675918861,130.36364038470046,132.38016226145692,123.65473361229162,115.92474271211685,104.77711276559066,99.31319393779027,75.81920112126627,39,11,2,Excellent,LOW
144.89232626187325,142.24473539712605,177.11168597455833,177.124284106546,151.633558695029,147.97520437345483,117.08213077814686,115.21008963813486,60.82046412093558,33,18,3,Good,MEDIUM
147.00878627888835,152.39507292932953,157.68641156991805,162.01742252741676,179.18484110897333,182.67610944168666,159.79702520669395,162.72534901242602,68.62559050903397,23,16,0,Excellent,LOW
173.1008808105337,179.0715200765623,135.52418139840324,137.5036662915967,171.7262444070888,173.51413349897228,130.181989167631,134.14582642812894,88.8595669252669,38,13,1,Excellent,LOW
163.55546011969273,160.35463101229985,151.0438624871603,150.16686498789093,163.62626694351042,162.96334841096856,101.804147746296,100.91853444383837,91.877910223009,23,7,3,Excellent,LOW
127.48426905648935,126.11376217773947,170.50627138594285,168.37173847409713,135.96950316307058,138.26229747708322,168.96658912047764,166.95917030390615,82.27522360591863,16,15,1,Excellent,LOW
161.80708678632806,161.85576551545967,146.9601715635959,146.68154805941674,139.36102242466922,143.23220030068293,138.7356313114661,140.3315999414729,94.1269191458689,30,8,2,Excellent,LOW
100.87336746273222,108.68579625582251,159.5957202209535,161.65659011724952,164.1767939270053,161.33158101920736,99.31564192677692,99.78413879137632,83.8589831017581,16,19,0,Excellent,LOW
141.57419485627415,146.39746853913832,162.18853040506224,159.3781447001841,139.96910166550032,142.89669394243785,140.99563029743217,146.01370510695693,82.13710803148273,27,13,2,Excellent,LOW
170.69572826189915,172.0674337711845,142.60909909096347,146.33950647600136,132.22304359666,130.98720353826837,113.68524080311576,105.26690960805443,80.59717981569932,36,12,0,Excellent,LOW
128.0445902280088,125.66872510578712,132.06139069995302,132.30864447479095,135.04790010671775,138.3750332003227,134.73487039838787,136.5271936949747,81.2853095832941,35,8,2,Excellent,LOW
108.87655759949406,117.02987353801738,175.72288254404705,174.12297954504947,125.40681797604867,127.71357856318517,137.8909743063889,143.23211962918646,71.7016171392628,25,18,2,Poor,HIGH
165.3659260531095,157.62606958414761,155.88194678447172,155.4338622975228,142.91748114271613,139.0002802215856,169.75924022500408,170.4126816446673,77.02223510786871,33,19,1,Excellent,LOW
118.31752752730588,116.80007829637793,156.02852721495867,156.1721428749531,143.5063045207202,150.3436746477032,140.7273556063871,143.3324338782965,99.38577477493465,23,17,1,Excellent,LOW
131.27899027771906,130.75563077769155,155.87162799064816,162.19235804600197,145.9413595288059,143.23049787926212,157.18117792308823,155.83919808697485,99.88681005702898,30,16,0,Excellent,LOW
164.4347769813425,161.57378290607215,140.05864835569503,137.97611814803898,175.3499337781502,176.9938945896602,121.41880913793821,123.52795529670601,80.17522817195066,22,5,1,Excellent,LOW
120.70889743325935,119.93929908756643,172.88301985211282,174.71817857315799,135.97400967106807,132.05893275460403,142.80951223969393,142.95418775914777,93.44317100667354,17,15,3,Good,MEDIUM
157.24638926523693,153.73960092275976,146.89849896202395,148.8798788190786,148.19072609902048,152.8616938011316,116.34828193999638,113.24810208793143,65.52928347141349,28,4,3,Good,MEDIUM
116.94110597001819,112.18696415417378,133.55122838246632,139.5176885438177,149.27259635988358,149.76876359097167,159.7684850997265,167.35604172438678,71.5574806663033,38,3,1,Good,MEDIUM
143.2304163590225,140.67676668434436,165.80822690888056,168.99148679335715,128.12513098906967,125.09120459257043,154.8984446721086,153.1162370580609,68.90596940907142,28,17,0,Excellent,LOW
160.20742535965286,164.28761973275934,150.10655775144383,156.17127339109584,158.6336365063926,152.1908228419626,121.81831804981779,123.12572767661185,77.12454278988966,22,12,3,Excellent,LOW
129.47130737435148,129.11047867432015,160.05413326966078,161.53800718838363,162.5882827963423,163.1544113249411,111.48457124965128,118.17867861652165,91.06427359185562,16,10,1,Excellent,LOW
135.6309235037683,133.3679088518744,176.93800635818795,180.49076551392892,152.03570642994606,150.38714077864694,103.62153097028754,103.95905449687021,85.31735521884178,23,8,0,Excellent,LOW
130.68974828392373,138.79695775967136,154.8576907941436,161.037444519387,128.08714709504628,122.94796245531907,100.09086290366122,100.02991071766087,97.3058286936467,20,16,3,Excellent,LOW
130.1345252750023,131.11498241249276,168.45849347617937,170.6388756153848,142.11374814166282,141.08553850641056,111.67705662969756,112.78726668367169,71.42506398734308,22,13,0,Excellent,LOW
102.27199198597192,104.64345671694439,160.0679803639177,164.01927218470905,152.76299591296595,155.46418475047574,90.68553686485926,91.24679727435499,61.91198838630997,24,8,1,Good,MEDIUM
113.5895844601887,111.7180091154958,179.58894391673465,185.54585697541197,133.6131548881767,133.15098901231605,134.36775084367918,139.4446824713601,93.72711682611362,21,11,1,Excellent,LOW
171.99375172315683,174.87042638857858,177.28148388744984,182.74079924938763,146.57622730406615,144.23862339768203,164.62769770882392,174.43717736029882,63.04338907062029,33,2,1,Excellent,LOW
169.51050318325304,164.13991719561136,157.74334584995785,155.8008406588062,167.77115690603222,161.1146923141233,126.11384028839763,129.64676887510697,69.87852896647284,37,12,3,Good,MEDIUM
106.97727810556718,110.46900957586901,143.3188820715012,150.5974605155504,173.9671850732301,173.32224405451302,161.22420456908162,164.0543739728183,75.35795577051891,24,9,2,Good,MEDIUM
109.19373673803872,108.86336643663356,166.72435201612018,169.03425821012584,142.03042886587752,149.89809671591053,116.77882612634232,116.62225001846896,87.81953836710602,18,14,1,Excellent,LOW
110.43700081809713,109.21156997898362,139.44346914077744,134.79694891722116,136.11594969006515,141.16337583614862,122.14717485519367,122.66898451508064,88.67901094214193,30,14,1,Excellent,LOW
124.54158873710904,121.89748851859906,168.74292010909778,167.19810398979797,127.78237547940161,129.60737343351573,144.99119301485717,132.81256685788452,85.33133929331981,31,16,3,Excellent,LOW
158.9741354602058,161.19580893147747,145.9081635211327,146.15069426347063,133.17714272876023,137.68310343247603,107.9924776441458,111.08702697716876,63.06443057044453,39,8,3,Good,MEDIUM
121.77127579860702,120.08298825824824,133.9894561817,134.0989559771785,145.07817261519162,145.42903265246267,97.05012556004462,97.75167005820441,93.85272051123495,19,13,3,Excellent,LOW
161.5219720456883,156.01943569054285,155.60116945543797,154.1802330824844,152.93050533560842,162.40765453885442,165.89639345913446,171.4781297879312,96.08982492384925,21,5,2,Excellent,LOW
170.7571080448964,169.6714878042384,154.75279728272923,153.36095337427602,170.7920695874043,177.4878287763834,101.1167924199133,101.25624208122996,70.09655251906241,27,16,2,Good,MEDIUM
126.35169509911951,123.06303267236189,165.4162024538985,161.55338660293933,142.07083086856807,138.4089227522069,154.40141545877023,154.907252335013,74.795545025925,28,19,1,Excellent,LOW
146.21630472206044,147.39920722714345,153.11808920738667,153.11604497905708,124.45989308162075,119.79859375416984,162.51131858897276,156.467607669478,81.20462260141261,20,4,0,Excellent,LOW
147.450777613102,155.37687468143267,157.07531410612438,155.7418815065513,170.60566774254295,172.10343264035026,158.50281024374098,162.10763736571022,64.49531899714837,23,0,1,Good,MEDIUM
105.8681573935017,107.99481977725608,138.13261090949504,139.50241045559054,171.26075896696292,172.1070182997399,156.4200154225108,164.29017840729423,76.76996997275863,39,18,1,Excellent,LOW
139.84980945048818,142.11986329564664,159.06832786022875,160.85401117573136,166.84712900192858,170.11201649215735,122.75583501018474,118.52156189715865,95.05255879662036,19,16,2,Excellent,LOW
122.54917304205581,115.04914349216807,156.74363778793776,160.28360337700713,172.59588713010112,171.6881172655494,126.97123786159206,128.57123788404633,81.96576060965805,36,4,2,Good,MEDIUM
117.6555436631145,114.57239405095339,130.40540984431067,134.70863397941514,120.55515134615415,116.96848536882062,91.80557572587541,79.68080039591506,87.4770966709721,18,16,2,Good,MEDIUM
112.53507361519804,106.839098216414,156.7400488459584,155.25886608778373,131.9297118171888,127.01473079418005,143.6779767588628,143.79856235399086,90.15750737765697,25,6,0,Excellent,LOW
167.2428643726958,172.22769106176554,137.0776054738553,139.03448957322425,170.04752599483476,163.97148709352027,168.73547133748508,174.38966895618077,61.21356987273273,36,15,1,Excellent,LOW
104.46343319229808,105.83865048644161,147.71230015946222,147.16176548072804,159.69919202803504,166.63493125598438,103.17017972523321,105.85640995526647,65.94690254784729,31,13,1,Good,MEDIUM
107.8361796480876,105.36907820200877,153.79531637366003,149.75132902055853,122.67420244275785,117.9503125081003,125.88340394947676,121.27667951333939,85.04979291052132,37,15,2,Good,MEDIUM
126.62462807787651,127.47836766400603,171.2596467402845,169.67943055931414,138.29276144347241,135.75946431532168,125.72815208853247,133.64486509298777,78.30582464134162,32,8,1,Excellent,LOW
169.43414121209264,169.54042906570987,148.0071057069469,150.68788182884128,147.90211948384035,150.72156567662338,106.55890424000957,107.95318721718986,96.72772633846813,31,4,3,Excellent,LOW
129.72671289756062,128.9113744422438,164.43837579795758,162.39546621970823,160.25972766781896,158.5266044354221,96.58793151714283,97.70178532891138,60.10804867336654,35,15,0,Excellent,LOW
127.24933566767575,124.83883844921752,147.42389878978275,147.4292479130966,130.75078047751936,128.68631391003362,129.6254117547127,138.12363667402875,77.10767152133845,22,7,0,Excellent,LOW
107.12848439962642,109.64716508383358,138.97226187904266,139.16305072667555,121.52524111077149,121.90409811820061,94.93135067494589,92.9373730588018,98.34182427296349,31,17,2,Good,MEDIUM
161.68883514987613,158.87540931092803,162.1154477895509,159.8064804610413,136.56516530935573,133.7424919664522,129.25179994725815,126.00737062626295,98.64399490925928,37,12,3,Excellent,LOW
173.41972352627428,171.5695334245048,166.47130469913574,163.28147285683167,177.8366240561366,176.0482382509798,108.05557395123442,105.79680548820274,60.83728117968294,26,8,1,Excellent,LOW
158.08580644569875,158.43770063421542,139.33664970486853,138.01582579431613,140.75697107179218,139.03114849355265,116.73091295009387,108.25056408961316,64.29444473802671,38,9,3,Good,MEDIUM
171.58357711397414,174.7632695694764,162.26388776617813,166.31129308151841,169.60365890377693,169.65110962050008,145.76729106086069,141.84413902720644,83.47281780294254,30,19,3,Excellent,LOW
143.663555210848,146.76753439696444,165.4952522889804,161.8685114429986,120.64151940681009,125.3723967183328,129.1670076994438,128.32919990616912,72.45501768653284,16,10,2,Good,MEDIUM
104.6129302343979,104.05179810096843,146.8618875417921,145.2864119496973,163.07622141735416,160.176605290055,133.80895873142475,130.22677519255552,65.78060895627802,36,12,1,Good,MEDIUM
131.58518921818745,131.66151454250385,152.7507719232224,150.4507565256475,166.03008842066112,163.35821106837656,107.97285600840571,115.87205920701908,89.07454264071225,21,12,2,Excellent,LOW
128.16239665155402,119.55074258852396,142.09528862958788,142.00292912234764,143.91012172823883,148.66702757326198,155.10633052742747,157.77531111714444,79.74036730642399,22,7,0,Excellent,LOW
135.06578872703244,130.44962920974825,178.59622753511675,172.03209852188675,171.01604366015545,166.863829375709,103.21383996147583,107.30358368918847,96.85734516097813,36,14,2,Excellent,LOW
129.22430667160864,126.52862116095648,146.5147087734067,150.81621224088718,155.72134335061872,151.38182824551336,145.62834005854955,144.1740918803393,64.22898241724539,26,12,2,Good,MEDIUM
120.66675025909215,125.72537788718232,169.58475496008734,170.8742634132316,131.5894650672588,128.9422656861348,130.6280114509985,131.72147886214006,66.4894219256231,38,2,0,Excellent,LOW
174.03758797226533,175.41745479767314,155.56490121852443,149.6694459769826,177.26409058986397,184.8727291661741,163.74313864868208,162.92473804059722,74.93514238147361,36,6,1,Excellent,LOW
169.7996877975348,167.14951139643662,173.5197954112851,168.94082709699356,141.54970945682513,137.7905210120526,94.50199904889926,95.48871063503029,76.4797595796869,16,18,2,Excellent,LOW
138.6313282128839,142.94898026871405,151.212285160329,155.23391709627464,145.4997144251918,145.66896266940213,136.97433025085573,132.38186855693047,79.05957589415306,38,12,0,Excellent,LOW
105.5996233483918,105.42185146094664,150.63349720017706,152.27104869367784,135.38664104779127,136.63401557591888,115.52599778565809,112.47743055591178,90.68717313614647,18,18,3,Good,MEDIUM
139.22361363293743,138.27193231916524,140.33802620348808,137.56306688751417,131.98112557009074,140.23932777639567,162.92945644027424,163.2354775276314,80.08648043054613,31,13,3,Excellent,LOW
133.8177739819861,136.8167558837395,139.40205462943928,133.35735093191946,171.5799328599885,168.2259303944527,128.45712451874846,125.48717740767006,79.95404094977097,36,18,3,Excellent,LOW
105.51859708672681,110.40586916452425,136.63219372269828,138.24735888849034,151.11832143996077,148.2303750888586,103.03332744012953,106.40026415631691,73.47276443869828,23,5,3,Poor,HIGH
109.42458591846871,111.0633272934549,153.48271284758118,151.6917320823184,166.97605036439202,169.4494926294307,144.90932852629436,150.73173044332356,60.73422897516567,18,7,1,Good,MEDIUM
102.47327077619451,104.25285435623405,143.2684866560172,145.82064483939914,161.27777040712255,158.64962945905324,92.882990199935,96.86122314290148,97.31116498750939,20,17,3,Good,MEDIUM
125.61303330130328,127.14920120400545,179.26349940504508,183.54636851696782,134.85036771418825,137.0212923723658,90.15455314332041,90.84661539471097,89.0308418783111,38,8,2,Excellent,LOW
166.34289902936968,168.6516722981206,168.044573648062,164.35751983840245,179.16167569178577,181.35939372152882,117.10409359416903,114.46398099852605,67.0250586227201,39,18,2,Good,MEDIUM
134.86373527780393,135.52469547806362,149.95546497787132,149.99303057086067,156.9240452825544,151.78164882634331,145.65126027563264,139.18787439176532,97.51547904379534,33,19,0,Excellent,LOW
106.69049191127229,106.73422396424505,131.00058618143873,126.55624524248036,135.17129872575353,133.79265358190545,111.16370289808333,111.21316327862947,80.56123277903478,21,0,3,Good,MEDIUM
148.40092174379558,151.238565666142,169.24414916938971,168.82248871288243,132.00053526676487,133.54337862889068,134.7906532461587,131.55109284980108,91.58694455171023,38,6,1,Excellent,LOW
144.53130643053845,143.77192665387298,134.16009082544676,134.35651182874867,137.6037686871471,138.90532394135764,91.77253035329949,93.6289271555659,80.06851266753968,25,3,2,Excellent,LOW
147.72795292821928,150.95055705979397,139.92050505967813,143.32250656212238,149.63923080860948,149.15315209580854,132.92986237883952,138.7645877286744,90.84544192683289,31,1,3,Good,MEDIUM
118.68808729317749,121.60423123546836,175.82110945837667,180.43895694141113,123.00133601499347,124.6705189386435,118.6806104956267,116.69126300212349,64.73381334871512,31,18,2,Poor,HIGH
174.36956767481252,178.52979923798608,135.7699929140414,132.7133830428412,144.40855748141095,142.86410637706638,137.28763044284912,141.34851401010633,80.15093774898537,22,8,1,Excellent,LOW
139.56727910176042,142.44431794810288,177.47933837822924,178.98309877281014,172.16117087536776,163.77815762298377,102.35945889648305,101.50656242085401,76.0128592994912,16,8,1,Excellent,LOW
160.4512378452302,155.08928327976446,175.5398955524434,174.58041671877712,130.4750390805816,131.05227915832194,111.06908951984634,103.7342664493286,68.39458709116485,17,12,2,Good,MEDIUM
104.36258190406936,110.04410129618276,157.7403379136974,155.27333149963923,145.37258810800674,137.48052810806738,164.89170683456905,168.74842192810274,62.19619563643097,31,12,1,Good,MEDIUM
120.92246458151453,121.77695945186116,140.77347163746057,136.87219764004485,132.02105108690435,135.14833593076617,167.51382989749942,170.15421173962093,82.93106755012815,24,12,0,Excellent,LOW
101.73330013508442,97.66946148230615,157.9192238785111,156.81715645220635,175.04093409040493,179.38486566818622,90.01926996142932,88.65268317883573,66.74058573836737,35,16,3,Poor,HIGH
107.27140926992408,103.27182810093167,176.92341061829063,183.50421846512086,127.35114855222562,120.62756822123966,159.5924747112257,157.59311632161902,84.1976325279102,18,15,3,Good,MEDIUM
148.53758290382393,152.75257892573768,145.56696214647081,147.70439325032123,154.0666173859127,153.55481358562474,152.95424847173294,154.9889275383164,84.7959180704139,31,6,3,Excellent,LOW
156.19128738181738,152.18876989188442,146.5443543846897,143.9790679614621,136.18776347354185,124.78764303627312,130.9942841101325,133.17261371330702,86.90854446001745,30,19,1,Excellent,LOW
112.46504026065591,117.55970047717766,167.83524550557348,165.45665469035652,160.0143232010526,161.9284444576522,135.65517292614783,129.8755836342908,79.37064792438902,17,5,3,Good,MEDIUM
142.40922745555812,140.03936563403607,167.48128760745118,168.4625047320847,128.15316900765566,122.87286025670646,128.82759177075343,127.87258136249969,93.20708971998349,38,18,3,Excellent,LOW
143.4620637092696,140.6262784930225,177.65835883855837,183.40731529984038,156.4927963427745,156.04293803706847,144.03235497082352,137.97182171443302,72.94516498321916,22,2,1,Excellent,LOW
171.090262646476,174.73031909093487,171.75117941858468,171.6508267958352,128.844767018039,126.68615831071628,110.01970602103495,116.9827657868135,87.47753422666813,19,17,0,Excellent,LOW
168.58335115421562,170.22496421391628,148.42588289191906,147.91324165752073,123.2381856856435,126.36527234285198,137.8328793810666,141.87364183000963,79.59574977536695,17,10,2,Excellent,LOW
101.0559747462168,99.95739974875161,138.85216472641986,137.48050910846226,121.7112014903189,118.95475429943174,162.97836975996802,164.84913017540356,95.71183758359544,37,16,2,Good,MEDIUM
165.83744526818606,167.03439111585982,147.23934643272682,149.46667914866768,173.61891894542885,175.72014879543744,97.9784777875106,90.99298786901588,96.87822520531,27,0,2,Good,MEDIUM
122.46944916889117,120.20319710098879,135.83014832144005,142.64669267943435,142.06722512883383,142.28493422967435,161.41940343970842,160.69563925446394,95.39496495133835,34,4,2,Excellent,LOW
130.73857548387625,121.86429562007184,152.38119363327624,159.63752697121663,166.51144615763434,158.62309005105908,110.65265341267826,111.80476688590022,61.509892678697334,36,17,3,Good,MEDIUM
152.70932660333844,146.36621717661853,173.86872602706956,172.99348592324125,164.57452319722336,163.56512704407436,100.32033400186072,97.76117843790259,80.92520451624898,17,6,2,Excellent,LOW
119.44301015427027,124.65536324638205,168.34644631745797,165.6333117769998,144.9671126659116,145.1067625412165,95.04757449465725,94.4760616034921,64.31423104614058,31,7,2,Poor,HIGH
112.10627407656804,116.2272728524463,171.3956031074532,170.25549256858514,142.96945247781022,149.35904165069672,109.29654197024183,111.87530118337877,66.72564343578988,35,1,3,Poor,HIGH
173.6061791375248,178.66159449716528,141.13018182706188,138.1003192190334,135.67201027643478,127.62037810086134,103.40972510724676,103.94099524091182,70.51522807957303,34,14,2,Good,MEDIUM
146.8764590626078,150.1048249575232,167.35042497984796,163.80448675502205,174.95566476622687,171.47161411377203,106.06133832474681,113.86132064641609,64.30245567081737,38,3,0,Excellent,LOW
102.95889646920186,106.4326737115856,157.67147805818638,163.4549170505021,121.91140575169561,125.11105087844916,121.80734954485173,121.57603951162817,84.99689879153826,29,17,2,Good,MEDIUM
164.1059599023044,163.8282675546522,138.87158261247993,142.51130212727415,148.64928302774567,134.94610161641106,133.10180688920929,125.74921310179853,70.30628091964621,37,15,2,Good,MEDIUM
167.6049955921925,168.39685999208672,160.80554002078605,164.51017707294505,148.45953423301745,151.48050622897975,100.04901628162416,99.26131339132323,76.73787158864911,16,1,3,Good,MEDIUM
165.52545453848234,163.92768141099944,141.3745445434531,141.2790261735429,148.53723685849553,152.86790666419702,133.37100074449333,132.4624496235158,87.58542967660483,26,7,1,Excellent,LOW
154.56950074785576,153.2630456252109,149.3949264475865,155.3510676333674,142.55759457843982,142.22246217888355,157.93057983908085,166.94673227476534,94.98807937306849,24,12,1,Excellent,LOW
101.6235926940436,109.63642049112097,134.28755254555523,134.95602044713073,147.6552463751796,142.95159231250108,147.32429118231997,150.40629525588838,83.9171770727932,23,19,2,Good,MEDIUM
124.10968584608534,122.41492297844263,169.42759210041282,167.96012357486018,130.0317512728361,130.3479424814372,168.07864955139598,166.9260254293515,73.24855258492485,23,6,1,Excellent,LOW
166.81200651807012,161.72487610942315,165.26902798237086,165.29534551714022,137.49466300559584,133.67067074528984,160.009764588116,156.83831616036943,94.71857786728633,36,1,0,Excellent,LOW
150.40858450740993,144.774382078077,148.98154337428173,154.35874957027391,142.967658488721,150.0334595285886,126.13934028123536,130.4042663921853,98.74765800852173,27,18,0,Excellent,LOW
124.95047398977428,122.83480847335566,157.30494040016453,159.63772858554134,132.84042679043245,124.90167502464881,111.33627445097714,110.26772450721012,98.6794007211215,35,9,0,Excellent,LOW
107.44216720620075,109.52818500381156,169.6504079561269,168.99854472569623,175.3461366602262,170.70034222028207,161.5618589528778,164.48389209313686,67.37060304682974,38,10,0,Good,MEDIUM
151.11445224149878,155.71208941616376,177.11672474675186,180.78989260716057,169.38525174041283,169.2376959281372,121.83624449610667,119.49906437738474,72.40588884363208,25,18,0,Excellent,LOW
153.92750040924156,151.58138528050566,159.21341010322504,159.2010223778749,122.91399918355776,128.00436321579062,136.7993398961535,138.55695527576887,99.88087218246788,38,16,1,Excellent,LOW
162.1697418394759,158.6143030473332,160.954654763556,160.47540926958123,128.62149643570405,127.69240242450616,115.32770787301175,115.36989071997584,87.08762894690622,17,2,2,Excellent,LOW
165.5577847049658,163.8580415460157,172.28131500575094,171.8860404411756,174.67405861888028,173.86396662900395,169.833210752983,170.53133638636095,70.34336886211095,29,8,1,Excellent,LOW
103.4906140914301,96.75430907291644,175.63505051785552,173.57344294631014,131.5681676805964,133.9786069407347,124.1685250269634,123.56288218331942,82.1877474258823,36,0,2,Good,MEDIUM
131.70690828161787,129.16011322571575,151.1239375280705,153.455405151381,167.19293618190062,164.83862639129964,134.05946247128577,137.75027174538428,71.60369059802991,28,1,2,Good,MEDIUM
112.48107132332049,109.72659912907065,150.85243641604504,153.21934679118579,141.02821213907566,136.59294685392948,146.38366689057494,147.19708192419495,96.20312511177924,17,15,3,Good,MEDIUM
117.03623100784952,117.0199131218334,156.56804158476334,155.80766194849375,132.07502187307017,135.9085246916624,127.6277806970507,124.51466930608956,72.69416334401026,20,5,1,Good,MEDIUM
128.2712478764704,129.32125943987774,174.0065676716821,171.65407609660258,173.26521056483918,171.38219016834006,138.1238805103765,142.60863308065612,84.25267789498128,16,5,0,Excellent,LOW
113.71929988159847,114.72877522874789,161.6499721923464,158.59882383349242,123.18154626178864,126.1654922485558,93.96997021948204,91.37448040552583,94.20354655624143,25,15,1,Excellent,LOW
164.65630643801734,164.37295904635297,136.5227818275697,136.79615642932984,178.5362981153467,178.96709591177319,141.712138933264,145.7050095571509,81.81451408534566,35,1,1,Excellent,LOW
124.97794265225457,119.26517888902427,161.30897264622573,155.71876440838903,137.2077437513124,137.55658817885674,121.95213269929069,123.45828461627784,85.80039261966269,26,17,2,Good,MEDIUM
142.5880720413791,143.3323373857601,177.51717382569524,180.7562809198815,124.34533877164108,120.67154348131801,134.3072233782989,131.85281232220555,75.31171324319638,38,14,3,Excellent,LOW
141.94764040576203,141.06472537792857,160.0512938744345,156.05325855135888,139.64260080692395,141.8210991049213,115.88875755472566,117.68649161851471,93.54628617969828,33,3,0,Excellent,LOW
122.24656463754387,127.22524534481386,149.43280007717567,151.9913328874587,145.9780528199432,147.05212448338668,164.484722470976,163.3004504900211,84.93752534776448,21,1,3,Good,MEDIUM
119.99921440993784,116.99170430758781,163.8540985975554,168.4637010665099,148.55890142095322,142.01618554495232,119.62561403604178,118.5490718296768,60.809449305598015,24,12,0,Good,MEDIUM
139.39378486228662,137.75642256141214,151.1978089731631,148.02947426560183,141.63197507109885,142.0917421581354,135.76798535773,141.47729996410908,94.12054235951702,39,18,1,Excellent,LOW
153.54359380627255,146.53758299099115,132.50094104510933,130.84888566556182,149.23497362072706,144.09063942088727,145.57373836775662,142.5808971079067,90.77941549262349,26,4,1,Excellent,LOW
145.48944002879003,146.0644344323872,137.05830165985148,141.09489122050718,121.53473899171009,123.28470705519447,146.87437093983067,152.0593937767176,72.1522850294547,17,12,1,Excellent,LOW
122.35312737601859,126.46131078472963,151.58664119214245,149.69417821042012,147.17988604979783,154.54788664793554,111.88022926637657,112.32579268039642,64.86349398134108,32,12,0,Excellent,LOW
158.51944981903586,153.64730389362742,157.89013406045734,154.3967111149387,171.67717996528583,172.53977257119246,125.63669506967472,126.40915360443482,88.5628470456934,36,5,0,Excellent,LOW
143.0462817244944,141.81926706784824,145.11918030562134,148.31319367893198,167.74240110569025,168.14208049658984,155.5614334968057,157.55530278726195,93.01206249370858,31,19,0,Excellent,LOW
157.5458725790236,156.79496448470408,177.65363843110686,180.175458569457,171.92576430496115,168.62459646163768,124.83115169024107,122.85947859044406,76.07594831823866,38,6,3,Excellent,LOW
138.24174611542077,137.60144816898756,132.32899710432707,131.59876619662336,162.3067887983397,161.446003504099,164.28176600339438,168.85535843199258,83.61196287022398,17,13,2,Excellent,LOW
122.26001537888791,125.15434452252813,175.0481748019382,174.26888983607515,178.58896657205224,177.23593999506394,169.26410847567502,174.12214052278622,78.89123857315204,32,19,0,Excellent,LOW
135.7870034808686,133.8612351198089,141.2475021938517,138.51220198636213,172.66993007340733,183.6259065840995,137.49500954696165,134.34742174005524,85.58468498409425,24,5,0,Excellent,LOW
152.514119447054,161.28791764820753,134.55330910410905,137.42042101745065,148.4351856546715,146.17802624379541,142.90431698294935,140.53350569112092,96.45024607337152,30,1,2,Good,MEDIUM
148.65602029274908,150.15111979235803,173.43786152682935,175.1140180383915,152.19328026064795,149.83549098608918,117.86196922905532,119.51190708022136,75.5819665792609,35,3,3,Excellent,LOW
110.08941192168884,108.23574163722445,144.5371932945337,141.3417252522476,156.88625718937573,160.85776706213048,132.01617601846377,133.82016550019424,68.3330778744016,33,13,2,Poor,HIGH
155.68431731601675,153.3273023928365,148.20137346072832,144.44116830584326,177.5663757444699,183.86296288859953,150.06491050995513,148.6812813872878,70.62176739212966,16,17,0,Excellent,LOW
136.37914982169738,137.1642137099618,144.53959721109237,139.51174926744937,161.25012556826496,151.4381087325835,168.69140248262494,161.6142378391997,75.69779394170281,22,9,2,Excellent,LOW
167.10619157318484,177.24769456534284,139.04092395011975,138.79177006561397,152.45654160029562,156.2462678623569,156.60226790339055,152.89938435372744,88.5924276852511,32,13,1,Excellent,LOW
153.40885422506014,160.8084197678483,142.95196050602573,140.11966323576598,124.18542073872061,120.01428290195996,110.5125726550952,101.06993718623872,89.1083807362895,32,19,2,Excellent,LOW
101.04862847285236,102.84035116636991,160.70813513080995,161.68204550209816,131.29199890079173,130.47556239481796,166.34767612986406,159.06546460321908,69.89405487270972,37,16,0,Good,MEDIUM
107.80093407138102,102.44191305819642,172.33609951983667,170.68828851147586,138.513989855335,137.1862890819468,154.88848321601276,153.09615672106327,95.14068836256064,39,11,3,Good,MEDIUM
135.84179957093122,132.65917903562797,139.21841190098468,143.41666568094632,146.58455597600692,147.336849403974,140.11710842032448,136.71238649053456,81.52318171496216,32,15,3,Excellent,LOW
149.45313905646196,153.9161223454208,136.81260070281908,134.35661021621252,173.8730026658689,171.00607169058023,166.01445686544332,160.98924713146235,83.13929438923435,30,17,1,Excellent,LOW
124.6808062667524,127.44768102638547,138.27703974115437,136.9055172997253,163.88123830664267,165.43140973255686,134.22642848739196,134.30523954130345,61.00060607563417,17,10,1,Excellent,LOW
127.31516669871371,129.91360445910797,154.32045494955432,152.2734180299165,133.48500229064146,131.61927664119636,152.1728956964476,150.47318835421976,69.15948741201247,23,7,2,Good,MEDIUM
101.38429191549582,99.86962677138402,155.7748737988495,156.93387789619706,135.68957422365716,131.94125722439085,147.96873548706537,152.64020166016164,71.39484827341906,32,13,2,Poor,HIGH
125.431570994701,125.03109338685601,150.39300127954567,150.53243728716004,162.30207133579995,165.04144011222232,140.46237864839455,137.92856488085974,83.50247088599193,21,1,2,Good,MEDIUM
174.9726719069083,181.22409480947863,130.10920472527786,130.0355121042482,173.32478428509853,176.86416690190237,154.50842246348716,149.66105706531457,66.56590962236008,27,9,1,Excellent,LOW
171.92829976535558,175.3369964906432,165.33826409308156,165.35299576877222,163.34600538134478,167.94211763333794,117.1148975949621,114.62066137376554,92.77335009195444,26,0,0,Excellent,LOW
114.7135455203484,110.03057041064352,130.92791682617627,133.36037299737964,161.9525206522426,157.59528093924715,132.0548844735605,139.12849381489818,97.88676766823039,30,6,2,Good,MEDIUM
106.642613036881,103.11476997981231,168.8195684326363,164.49142407462816,155.75560872700402,160.82092979882918,99.43831995496205,102.27805094755101,93.32837827641049,37,10,3,Good,MEDIUM
166.73015010872925,162.91245771016162,151.48726905378334,153.4099340273242,149.642572016144,151.20368592438217,130.49848288727043,127.56204268231546,61.0252899953769,28,8,1,Excellent,LOW
139.31934459278767,137.5790356264824,148.16962397160634,147.23459631431064,135.32569686276543,137.43362242822045,135.9962794583713,136.02652017994785,95.59724223560391,36,14,3,Excellent,LOW
102.88192342292939,108.05109121765507,156.1348632319185,154.8604823095463,153.00232445991622,157.70012419186907,168.32827154018187,173.07848429930593,88.47811952262202,24,13,0,Excellent,LOW
107.83547393619521,100.7615166246434,135.23189034638128,133.96828813190908,165.81012508322198,177.35511496547844,122.90041503282632,125.0951779787515,78.41348926410942,27,16,1,Excellent,LOW
106.43580787820791,107.08316577037832,148.43103262491442,153.3341822208577,123.95052987051928,128.9872551565721,112.47066184540799,119.69101924723955,96.40886805641249,36,2,2,Good,MEDIUM
162.51547236578304,164.4091044859662,134.07138443534677,133.77965711515478,146.15042213236356,137.66906716744066,106.84633524039546,111.83984069718821,83.71953955130039,34,18,3,Excellent,LOW
121.3405457704042,119.59549364168409,160.61045316286078,163.75480344066824,129.17322693887988,127.63650027605198,131.1506597208816,128.1021259268252,83.55037854260038,38,19,3,Good,MEDIUM
137.10679296893534,133.74480022193933,162.37927944009036,160.89421925113993,175.76554470159084,174.45186917428163,124.6884826727628,123.26642489001206,92.27597391678756,33,18,3,Excellent,LOW
140.1711086405749,138.07517790738294,178.54885957945734,184.99473615552762,160.7118846438039,160.6685215735646,123.15583480283836,122.03658588291981,64.26855439975074,38,9,0,Excellent,LOW
143.2808081973824,138.36068789369435,168.75730388642972,167.1287011021721,145.98481221612786,146.1816039673709,142.93400485740244,142.16218889900338,72.44166820227936,33,10,0,Excellent,LOW
171.18778788307228,169.2709743862874,175.29382110481004,178.45058890604193,178.90107035622293,173.7779190895541,133.7533034225777,130.54542501544603,67.4860877039572,26,18,3,Good,MEDIUM
169.43054743310643,168.16883222520775,171.55181566363427,168.09173625032193,159.66001792925118,165.49881548610645,161.76379105681528,159.24787212503185,97.04633322103473,33,5,2,Excellent,LOW
154.12662934211227,152.87141883486083,150.57778732725137,147.51812692421228,129.525474906725,134.1423344758909,110.22471290386524,106.08806005521987,90.35094249015754,36,11,0,Excellent,LOW
130.0176065228241,132.41177356368453,136.53632582836374,137.37594944189803,154.28183818014944,157.3824406094521,95.61898446955848,93.0852812412582,87.55823160684679,30,3,0,Excellent,LOW
165.28081214187253,167.76637348802572,164.932849004062,164.31880189970164,135.43062816146565,140.53112578011022,101.03190573842672,110.92774086009358,83.64971623002457,26,14,1,Excellent,LOW
148.11177767982159,149.56365484940827,147.84918460700564,150.1804313824014,150.7612843397287,151.66981965450248,110.29355672973571,110.64047977496446,94.9990823449647,38,19,0,Excellent,LOW
169.84499705510035,171.96647381109554,165.13914385829875,164.78046758841955,122.52034604512872,122.3820890857535,126.82615878222663,130.4490291842161,82.65866423918537,16,14,0,Excellent,LOW
107.00904345016585,106.62063168770717,139.54744294377215,145.172953205151,120.94034243332355,117.7175824613151,97.53357585977898,96.89580904370696,70.69318193450707,27,19,3,Poor,HIGH
158.14868154102822,165.12592600000067,176.21581775037146,178.20661135605374,162.7436417083753,168.4030043596775,93.22225301883103,89.72545593877443,75.45662247322325,30,7,0,Excellent,LOW
101.73141104138276,103.21725379465279,170.1144408181844,167.47216024484024,179.29220956361846,183.64860557500825,164.97159734520977,158.23677484374585,66.6816712535261,39,16,2,Poor,HIGH
118.86992273236189,122.62123078797012,132.42752136044317,129.52011189707957,159.07153848905165,155.04522422374419,134.162590067188,131.2517442513156,74.2950561379185,27,18,1,Good,MEDIUM
103.41626169740144,104.58757707174817,150.4110911294116,144.76978449722236,136.43055114595555,137.25910889306982,169.69161936993535,168.73452678132796,73.18168534095528,29,8,0,Good,MEDIUM
153.8831106051656,157.13109290658213,158.0001994614459,157.3506676071478,147.02340458435586,148.71257110940945,153.56418355373643,154.11134035404442,61.60052522140497,29,14,2,Good,MEDIUM
140.2471678226353,140.64724277268954,130.55235726063887,132.10467923381773,123.58265429258344,123.04975528239035,167.54537626154695,165.8994440805751,72.74700614931463,18,10,2,Good,MEDIUM
101.80838794947984,101.9947062753836,153.3405453002029,156.19930849094953,171.64359973239783,171.2561403864106,103.79528634345846,106.08780074174106,92.62837080008292,31,12,0,Excellent,LOW
108.61217737910272,108.1117344243018,162.31262588285952,163.61346726812545,122.08500490404276,123.27518212980895,141.48435735651353,144.75307159437835,96.08704639909935,29,5,0,Excellent,LOW
158.1740976494525,154.22629160254945,163.94391161952984,160.38042637941695,153.79188554688966,151.8119247512574,161.99866215029232,158.48010641940058,87.52697746889054,25,5,2,Excellent,LOW
108.73021383743094,104.62152200402332,137.99814587338273,139.0470117909907,120.85369342374996,123.3183977637675,102.96179330915518,105.18810539745749,89.58097737068897,30,17,2,Good,MEDIUM
162.40305544140818,163.80535727185836,138.98169131860703,138.5302816261595,159.76334540209066,155.09326892178328,115.98004871737615,119.22350364841824,93.39193970319761,25,7,1,Excellent,LOW
140.04674102012004,136.57920268058618,172.16661774459686,172.07755137373894,163.08037260645887,163.65738669558704,165.23210978097484,166.55524500712778,82.1805022276386,26,15,0,Excellent,LOW
113.10245135656739,108.93132874123413,161.69077031149723,159.87351720046337,154.14401989452537,147.96642717901568,109.0091360155714,104.84470752250255,81.41833235837365,37,8,1,Excellent,LOW
145.5717681912954,143.96580146486545,161.08147890216068,159.65812741575377,127.69379683822645,130.62526716804925,116.16732048013108,114.11400373342106,79.52240625078652,30,17,3,Excellent,LOW
146.57238222078942,148.7902735962081,179.3987660488685,181.43186933106665,120.48508059180065,114.0672515283937,99.59147097158987,97.94698228084873,96.46061312668738,37,11,3,Excellent,LOW
102.88250446010227,105.95937123168282,144.69450415996585,143.1443260312988,123.41408882985729,123.01329978497705,164.54605784492958,162.07481018002417,71.43681766558528,33,5,3,Poor,HIGH
131.0122852797529,137.8595127498709,177.13860005526382,175.2019444611789,136.02365641436162,141.59203739084634,138.77548554992308,137.6493707104658,64.4234537585582,28,2,2,Good,MEDIUM
138.2661950558803,142.49803791123549,153.1247137006219,153.3702467042105,136.76654533415365,138.61975137509057,103.68086835345827,102.34867786955617,77.03474243532575,28,5,2,Excellent,LOW
172.20665105682446,166.99718578056604,159.78403179115577,155.91688177713795,178.25851979160362,178.44718808465714,90.0869615843946,91.23112795444935,96.02626203073598,36,0,0,Excellent,LOW
128.26266707621244,127.05358950788234,143.65407251606592,145.24667400226738,138.15733710491332,133.6645569014118,148.1387869082674,156.32140509897602,95.79642570258663,28,13,0,Excellent,LOW
169.95114267703767,167.21639981692132,134.49836394304805,133.1186704150823,153.80302443996993,149.53245738663963,138.3391608265714,134.42803184785242,92.66981117890725,33,13,1,Excellent,LOW
118.39828734894849,117.50618462388287,177.3642161544884,178.21032478587506,140.53843708965118,147.59035569980077,137.0135241178608,134.98265704126194,72.71757318827291,23,10,1,Good,MEDIUM
103.1751209426869,103.08089934180389,136.59183089017571,135.76809689091684,159.86065748788286,158.5267484875087,105.81367494994151,100.13334301785066,81.93934342996498,33,18,3,Good,MEDIUM
121.17745506640429,122.22610290816706,179.3835563616746,179.0223062196149,148.40609419402162,150.93847410549967,113.78541676096376,117.02144730835282,62.34250842081914,23,8,1,Excellent,LOW
154.8410364997211,151.4712781726824,161.99653437252624,163.12101039576416,166.32913988958694,170.0086195629993,101.86782903351781,107.48039923336941,90.6448700538052,29,13,1,Excellent,LOW
162.54930715743222,159.54658320922562,158.29089964297341,159.834031052815,138.75937886131317,139.8928908709202,122.28182132057836,121.26638501199807,75.9417485746153,23,11,1,Excellent,LOW
153.9262865883951,153.80288353309402,135.7713780352134,140.04675359497452,146.27584583084226,147.54286230131171,147.95667016074714,152.4467260887167,67.4107208861035,19,14,2,Good,MEDIUM
149.02266420382966,148.40403404933085,148.04333009900688,147.86293702998273,121.04808781674016,123.47278104248097,164.9670718485197,162.01268152098967,63.497963374755464,29,15,0,Excellent,LOW
126.21138867310758,129.15704365125163,151.65372525722825,149.74135568427542,175.05148363382088,181.58969040212875,127.35739273310384,126.02258775434765,69.11203022851424,27,1,1,Good,MEDIUM
123.50600236402525,122.8135732195292,166.2352137574279,166.1064081754187,140.9863474137047,144.44509837679362,124.89999293678531,118.32102956679509,99.23373472895594,17,18,0,Excellent,LOW
112.73444796632106,117.40331889953855,169.3932359792772,174.15857750799753,135.23304065766408,138.29464928171748,115.82515981710746,120.11881062674924,81.81952592227847,22,7,1,Excellent,LOW
162.6102000965875,161.8035684457888,174.49818525686237,181.4356309734106,170.72023335038483,174.5580041863712,97.95927469298981,95.28582958830053,92.91055741869481,16,16,0,Excellent,LOW
122.90361114763478,122.12564520817567,167.89290610360501,169.8905395747242,151.81485158197455,147.67243535779298,165.35239782706634,168.87663339529607,81.20353987657695,17,7,0,Excellent,LOW
144.2032279486088,140.08602994215124,152.448988703192,156.8225662427624,139.7981588366816,138.59091840837442,167.0363162860264,168.04347384904378,85.3934462391687,30,1,3,Good,MEDIUM
166.74744015600112,163.98500599006783,157.25042078619703,160.15665611257077,133.4338339983411,130.25565076605562,156.53120321354646,145.24066338056835,95.84113461299972,39,2,2,Excellent,LOW
164.6330379842016,166.3223371740011,131.24854502170655,127.86264147856893,143.97038851563386,136.99225696120965,162.40704987106113,159.6459449381123,94.77360431629421,35,6,3,Excellent,LOW
123.94425289359226,117.87892374135447,176.570516389653,174.35358739405942,161.00017687681282,164.19105606185656,157.8857927665637,152.65960871251136,76.06520833331075,35,2,3,Good,MEDIUM
174.89201863638016,181.89656102603794,139.13315244285067,137.40094586616235,156.59212409913226,152.87618283477505,156.31176895807022,160.84056172495295,84.13670313889133,30,13,0,Excellent,LOW
143.25706355769432,141.91391980177534,147.17152940097466,143.70762638478814,144.05416335474757,143.6246488811074,165.22529225914116,171.64800409147097,71.74705653433745,33,15,2,Good,MEDIUM
140.95184449905628,138.34573457999326,149.92998313592278,150.13577819860936,136.24402394530395,137.60755058315019,117.27331273536723,120.24817601696648,81.74137513496495,29,0,1,Excellent,LOW
125.46798559061273,124.23187248734455,159.9118879925948,159.5783136861328,171.28920317953128,176.96053107107963,140.2160330880592,137.41799183035047,75.02594941972004,19,4,0,Excellent,LOW
130.2422104510597,130.5012478421365,170.20113947595655,175.8038608620616,162.75252054797983,156.96001090469886,110.1953970422374,105.51045525332044,83.06063161954552,31,16,0,Excellent,LOW
172.85513864564848,171.75149779604035,172.5719348165557,169.68065302142915,174.3752542042721,184.68347152255222,146.65178676788457,147.3497395658355,93.31034673810856,19,6,1,Excellent,LOW
105.47939845245861,97.99665611598624,160.64002860680654,159.57237690722684,122.58012992667432,129.45670726402906,157.35776949658367,159.50814556166463,78.55337371800209,31,8,2,Good,MEDIUM
116.7061577705278,116.20310852830903,145.84427760861354,139.49681589549397,140.1316614809939,136.8735297789425,96.77140857698011,95.36671152058534,61.85984158765217,26,9,2,Poor,HIGH
144.54038543372928,144.95461932371856,170.41912156197247,170.1694234311605,151.23162676854983,147.9288615541063,92.94222341864719,98.48201736704058,96.1733139013016,33,19,1,Excellent,LOW
160.826626696917,159.64640193769443,174.72694261202955,173.33837375488642,162.90633681708536,168.49771404521135,123.13604434437147,127.90073652413186,61.782265264706126,19,7,0,Excellent,LOW
172.11005942882576,171.19313541757708,170.5856798860417,164.564888899098,165.53473493322178,162.76540066060872,146.05636609498947,144.19748662781782,70.30624707228779,36,15,2,Good,MEDIUM
162.73548937494783,167.76594182525443,147.57208367353417,145.97172633620647,130.02600526593804,129.64541277362875,162.28474429578256,160.73082466869664,69.55946351022706,20,2,1,Excellent,LOW
158.93366127953158,158.24894380034598,175.89012701047918,175.69178982862314,128.378539812575,121.54163421576463,95.21542417477528,96.78221623881717,61.996899426535165,22,13,0,Excellent,LOW
134.37827793539955,133.24354119443814,152.50142560093437,147.2203951956102,155.0252513269842,153.43366847291534,101.60715573113106,100.7841467693724,87.96709725846291,27,5,3,Excellent,LOW
136.12748785092558,136.80974938375758,171.0561813058862,170.9516254544132,146.09881187328273,142.34283908836605,98.0135460989864,101.71824420572695,74.09724102210963,19,17,2,Good,MEDIUM
118.91066954984892,118.98650211245993,177.55731157027066,170.36331674268357,165.72650800184624,163.19455014098588,103.48164737150074,103.08007141763322,78.23697697277669,24,14,3,Good,MEDIUM
164.37670413693226,166.86721229618155,147.76698541097736,149.72367001132744,154.45622281542524,156.4924073701215,91.69310511856307,95.29818419680953,73.46822675590134,24,0,0,Good,MEDIUM
167.91171081184945,171.66753952478885,156.70508450429327,152.11576226396525,133.09616897120316,131.12999131597553,130.20237013613246,127.69417567734149,70.84711142844813,21,11,0,Excellent,LOW
107.35891554253843,114.04380018030095,138.66091905934502,137.52356253150623,137.1398993308034,136.90141193207089,167.6150179445018,167.33020322342293,82.06620995161826,18,16,2,Good,MEDIUM
107.99644546040676,104.2336979205247,161.8020177565943,160.56264909928635,176.9697259043497,181.20362499282555,99.39696582371072,100.57363597571712,87.58257644207859,31,10,0,Excellent,LOW
120.15456020985931,116.58258414913692,155.9307515817667,157.0457807123195,166.0844391486372,168.0891040943885,150.86356073227182,148.20632591489925,62.39706592921819,35,17,0,Good,MEDIUM
130.78698359060064,133.23126721104293,136.3528132678837,134.05341397482434,126.23242741672863,122.49995106198406,114.54182010822659,117.2357112928595,79.00909868006961,36,18,3,Excellent,LOW
120.58390376536089,120.28858075584279,168.42875862046992,170.72803875649603,155.49948393142023,156.85693738168504,92.93472043156339,95.37449112330052,77.17280171416706,36,0,0,Excellent,LOW
129.94744420193393,135.47115045713912,171.95608015530826,172.06150682917087,174.58309871446656,182.34792274753025,98.94402969871497,99.31354629628325,82.61155839815927,34,7,2,Excellent,LOW
133.5631724264755,138.61215375776393,174.6514979042984,177.62273558054716,177.35170082248428,183.08455272239573,167.16076447933239,167.4358106702819,66.04973352587864,34,7,2,Good,MEDIUM
122.95045789067075,123.47045079387713,172.89787276987542,169.70876395131427,160.6836226072605,162.82101146107564,147.18847793603274,140.11481623348044,89.1241796947097,20,11,0,Excellent,LOW
155.45082497164788,150.76479439073216,151.15180895410924,153.21919691051826,170.77658728017752,175.56758739047967,136.9899520100647,140.49315305046554,77.98346396447114,30,10,1,Excellent,LOW
150.48705495851982,146.39880017209052,163.36093052967294,160.47061261526696,173.75125542051182,177.3110987825152,102.8307307074937,112.95721634735953,88.61827821439266,18,19,1,Excellent,LOW
172.41142427559504,170.46826188996113,155.7773497037571,153.87701879944444,154.1822779221246,157.04125207879542,114.76425355221207,111.66259140698583,96.88525302117641,21,3,3,Excellent,LOW
159.24340012771341,156.9454533060483,146.98572719180422,149.60083494860066,176.1573092237162,181.72314109153996,151.73344850485967,150.88447126549994,96.7812251565133,22,6,2,Excellent,LOW
147.5522794453775,145.62645347686075,134.88516055505374,136.96308695380878,156.95592042520013,149.3277923397558,132.1398281944037,125.36718768051045,74.4553044626217,34,19,2,Good,MEDIUM
161.05512155400106,163.49207687756007,174.03742885370946,173.04183426824352,165.45945699617835,161.43067704607043,132.55773875971985,133.23066092445464,74.27185022619739,21,0,0,Good,MEDIUM
153.0591093799676,163.33809273076815,179.4337771572897,177.56411925824543,156.1192676788326,158.91360261393743,146.11924924234904,149.6412919952116,88.65476220456173,31,2,0,Excellent,LOW
124.89297136731226,129.38150065623415,176.8386974761501,178.12509962947286,168.1874499707423,175.82463817324816,158.50394613728935,154.35312684915144,79.62438753246957,27,3,0,Excellent,LOW
135.3478301317381,143.36569038749707,159.98520682553723,157.5702798477869,141.00233408315717,138.14650781671122,153.65592261371899,153.28926945031802,69.63214048618477,28,2,3,Good,MEDIUM
167.1789381061001,164.28626435078255,133.25229788685704,134.35211662789845,178.49235200587458,175.30948135179213,146.1384832604628,153.1244457868413,90.25327145920636,27,19,1,Excellent,LOW
117.06362223059838,116.30442924553816,172.82859511796678,170.16912814975714,163.31185439370003,164.39707513884488,100.42626916717539,104.02465473651782,64.59183867992657,20,15,2,Poor,HIGH
118.35146410924544,119.70276777297339,141.5470179610367,142.62080106099134,125.90625294005945,125.79192993361515,109.09717471480508,107.49272162975336,87.59365133743857,32,6,0,Excellent,LOW
129.10369525438108,131.2313965398565,150.803511777664,149.0866496598811,125.60591201054996,122.03291402047637,100.31498443358538,100.17825911826343,69.58439328112821,36,19,3,Good,MEDIUM
161.9693296999052,157.07178060647337,157.45778453951195,154.7794646176835,163.31118963198674,163.7422298537969,156.57806268031243,155.57848773706425,93.85395119465693,20,9,3,Excellent,LOW
152.87277503554043,151.1613827064193,137.89134906498992,137.49638053620586,128.23288871784146,131.7538793700414,153.4457626658766,154.23391628304486,81.8606418006892,27,15,3,Excellent,LOW
